phone_name,brand,os,inches,resolution,battery,battery_type,ram(GB),announcement_date,weight(g),storage(GB),Price
Y6II Compact,Huawei,Android 5.1,5,720x1280,2200,Li-Po,2,2016-09-01,140,16,120
K20 plus,LG,Android 7.0,5.3,720x1280,2700,Li-Ion,2,2016-12-01,140,16,100
P8 Lite (2017),Huawei,Android 7.0,5.2,1080x1920,3000,Li-Ion,4,2017-01-01,147,16,420
Redmi Note 4,Xiaomi,Android 6.0,5.5,1080x1920,4100,Li-Po,4,2017-01-01,165,32,150
P10,Huawei,Android 7.0,5.1,1080x1920,3200,Li-Ion,4,2017-02-01,145,32,420
Xperia XA1,Sony,Android 7.0,5,720x1280,2300,Li-Ion,3,2017-02-01,143,32,140
P10 Lite,Huawei,Android 7.0,5.2,1080x1920,3000,Li-Po,4,2017-02-01,146,32,420
P10 Plus,Huawei,Android 7.0,5.5,1440x2560,3750,Li-Ion,6,2017-02-01,165,64,170
Xperia XA1 Ultra,Sony,Android 7.0,6,1080x1920,2700,Li-Ion,4,2017-02-01,188,32,250
X power2,LG,Android 7.0,5.5,720x1280,4500,Li-Ion,2,2017-02-01,164,16,170
Redmi Note 4X,Xiaomi,Android 6.0,5.5,1080x1920,4100,Li-Po,4,2017-02-01,165,16,130
Xperia XZs,Sony,Android 7.1,5.2,1080x1920,2900,Li-Ion,4,2017-02-27,161,32,220
Xperia XZ Premium,Sony,Android 7.1,5.46,3840x2160,3230,Li-Ion,4,2017-02-27,195,64,320
Xperia L1,Sony,Android 7.0,5.5,720x1280,2620,Li-Ion,2,2017-03-01,180,16,110
A39,Oppo,Android 5.1,5.2,720x1280,2900,Li-Ion,3,2017-03-01,147,32,250
F3 Plus,Oppo,Android 6,6,1080x1920,4000,Li-Ion,6,2017-03-01,185,64,250
Galaxy Xcover 4,Samsung,Android 7.0,5,720x1280,2800,Li-Ion,2,2017-03-01,172,16,350
Galaxy J7 V,Samsung,Android 7.0.1,5.5,720x1280,3300,Li-Ion,2,2017-03-01,167,16,170
Galaxy S8+,Samsung,Android 7.0,6.2,1440x2960,3500,Li-Ion,6,2017-03-29,173,64,350
K7 (2017),LG,Android 6.0.1,5,480x854,2500,Li-Ion,2,2017-04-01,143,8,170
Y5 (2017),Huawei,Android 6.0,5,720x1280,3000,Li-Ion,2,2017-04-01,150,16,280
Harmony,LG,Android 7.0,5.3,720x1280,2800,Li-Ion,5,2017-04-01,141,16,160
Mi 6,Xiaomi,Android 7.1.1,5.15,1080x1920,3350,Li-Po,6,2017-04-01,168,64,330
Y6 (2017),Huawei,Android 6.0,5,720x1280,3000,Li-Ion,2,2017-05-01,150,16,240
Y7,Huawei,Android 7.0,5.5,720x1280,4000,Li-Ion,2,2017-05-01,165,16,90
nova 2 plus,Huawei,Android 7.0,5.5,1080x1920,3340,Li-Po,4,2017-05-01,169,64,160
nova 2,Huawei,Android 7.0,5,1080x1920,2950,Li-Po,4,2017-05-01,143,64,140
Y3 (2017),Huawei,Android 6.0,5,480x854,2200,Li-Ion,1,2017-05-01,175,8,230
Z4,Samsung,Tizen 3.0,4.5,480x800,2050,Li-Ion,1,2017-05-01,143,8,240
Mi Max 2,Xiaomi,Android 7.1.1,6.44,1080x1920,5300,Li-Ion,4,2017-05-01,211,32,200
Redmi 4 (4X),Xiaomi,Android 6.0.1,5,720x1280,4100,Li-Po,4,2017-05-01,150,16,110
Stylo 3 Plus,LG,Android 7.0,5.7,1080x1920,3080,Li-Ion,2,2017-05-01,150,32,90
F3,Oppo,Android 6,5.5,1080x1920,3200,Li-Ion,4,2017-05-01,153,64,250
X venture,LG,Android 7.0,5.2,1080x1920,4100,Li-Ion,2,2017-05-01,166,32,180
A77 (Mediatek),Oppo,Android 6,5.5,1080x1920,3200,Li-Ion,4,2017-05-01,153,64,250
R11,Oppo,Android 7.1.1,5.5,1080x1920,3000,Li-Po,6,2017-06-01,150,64,250
R11 Plus,Oppo,Android 7.1.1,6,1080x1920,4000,Li-Po,6,2017-06-01,188,64,250
Galaxy J7 Max,Samsung,Android 7.0,5.7,1080x1920,3300,Li-Ion,4,2017-06-01,179,32,200
Galaxy J7 (2017),Samsung,Android 7.0,5.5,1080x1920,3600,Li-Ion,3,2017-06-01,181,16,130
Galaxy J7 Pro,Samsung,Android 7.0,5.5,1080x1920,3600,Li-Ion,3,2017-06-01,181,16,200
Galaxy J5 (2017),Samsung,Android 7.0,5.2,720x1280,3000,Li-Ion,3,2017-06-01,160,16,80
Y7 Prime,Huawei,Android 7.0,5.5,720x1280,4000,Li-Ion,3,2017-06-01,165,32,130
A77 (2017),Oppo,Android 7.1,5.5,1080x1920,3200,Li-Ion,4,2017-07-01,148,64,250
Q8 (2017),LG,Android 7.0,5.2,1440x2560,3000,Li-Ion,4,2017-07-01,146,32,110
Q6,LG,Android 7.1.1,5.5,1080x2160,3000,Li-Po,4,2017-07-01,149,16,200
Galaxy Folder2,Samsung,Android 6.0,3.8,480x800,1950,Li-Ion,3,2017-07-01,165,16,430
Galaxy Note FE,Samsung,Android 7.1.1,5.7,1440x2560,3200,Li-Ion,4,2017-07-01,167,64,200
P9 lite mini,Huawei,Android 7.0,5,720x1280,3020,Li-Ion,2,2017-08-01,145,16,250
Xperia XZ1 Compact,Sony,Android 8.0,4.6,720x1280,2700,Li-Ion,4,2017-08-01,140,32,300
Galaxy S8 Active,Samsung,Android 7.0,5.8,1440x2960,4000,Li-Ion,4,2017-08-01,208,64,500
Xperia XA1 Plus,Sony,Android 7.0,5.5,1080x1920,3430,Li-Ion,4,2017-08-01,189,32,150
K8 Note,Lenovo,Android 7.1.1,5.5,1080x1920,4000,Li-Po,4,2017-08-01,180,32,200
Galaxy Note8,Samsung,Android 7.1.1,6.3,1440x2960,3300,Li-Ion,6,2017-08-23,195,64,210
V30,LG,Android 7.1.2,6,1440x2880,3300,Li-Po,4,2017-08-31,158,64,200
Xperia XZ1,Sony,Android 8.0,5.2,1080x1920,2700,Li-Ion,4,2017-08-31,155,64,260
Mi A1 (Mi 5X),Xiaomi,Android 7.1.2,5.5,1080x1920,3080,Li-Po,4,2017-09-01,165,32,170
A71,Oppo,Android 7.1,5.2,720x1280,3000,Li-Ion,3,2017-09-01,137,16,480
Mi Mix 2,Xiaomi,Android 7.1,5.99,1080x2160,3400,Li-Ion,8,2017-09-01,185,64,410
Mi Note 3,Xiaomi,Android 7.1,5.5,1080x1920,3500,Li-Ion,6,2017-09-01,163,64,280
K8,Lenovo,Android 7.1.1,5.2,720x1280,4000,Li-Po,3,2017-09-01,165,32,200
Galaxy C7 (2017),Samsung,Android 7.1,5.5,1080x1920,3000,Li-Ion,4,2017-09-01,180,32,550
K8 Plus,Lenovo,Android 7.1.1,5.2,1080x1920,4000,Li-Po,4,2017-09-01,165,32,180
iPhone 8,Apple,iOS 11,4.7,750x1334,1821,Li-Ion,2,2017-09-12,148,64,210
iPhone X,Apple,iOS 11.1.1,5.8,1125x2436,2716,Li-Ion,3,2017-09-12,174,64,280
R11s,Oppo,Android 7.1.1,6.01,1080x2160,3200,Li-Po,4,2017-10-01,153,64,260
F5,Oppo,Android 7.1.1,6,1080x2160,3200,Li-Ion,6,2017-10-01,152,32,150
Xperia R1 (Plus),Sony,Android 7.1,5.2,720x1280,2620,Li-Ion,3,2017-10-01,154,16,168
Mate 10 Pro,Huawei,Android 8.0,6,1080x2160,4000,Li-Po,6,2017-10-01,178,64,150
Mate 10,Huawei,Android 8.0,5.9,1440x2560,4000,Li-Po,4,2017-10-01,186,64,180
Galaxy J2 (2017),Samsung,Android 7.0,4.7,540x960,2000,Li-Ion,1,2017-10-01,130,8,500
Mate 10 Lite,Huawei,Android 7.0,5.9,1080x2160,3340,Li-Ion,4,2017-10-01,164,64,300
Mate 10 Porsche Design,Huawei,Android 8.0,6,1080x2160,4000,Li-Po,6,2017-10-01,178,256,190
Pixel 2,Google,Android 8.0,5,1080x1920,2700,Li-Ion,4,2017-10-04,143,64,610
Pixel 2 XL,Google,Android 8.0,6,1440x2880,3520,Li-Ion,4,2017-10-04,175,64,520
Redmi Y1 (Note 5A),Xiaomi,Android 7.1.2,5.5,720x1280,3080,Li-Ion,4,2017-11-01,153,32,140
F5 Youth,Oppo,Android 7.1,6,1080x2160,3200,Li-Ion,4,2017-11-01,152,32,400
R11s Plus,Oppo,Android 7.1.1,6.43,1080x2160,4000,Li-Po,6,2017-11-01,182,64,310
Redmi Y1 Lite,Xiaomi,Android 7.0,5.5,720x1280,3080,Li-Ion,2,2017-11-01,150,16,90
moto tab,Lenovo,Android 7.0,10.1,1200x1920,7000,Li-Ion,2,2017-11-01,500,32,170
Redmi 5A,Xiaomi,Android 7.1.2,5,720x1280,3000,Li-Ion,3,2017-11-01,137,16,100
nova 2s,Huawei,Android 8.0,6,1080x2160,3340,Li-Po,6,2017-12-01,169,64,230
Redmi 5,Xiaomi,Android 7.1.2,5.7,720x1440,3300,Li-Po,4,2017-12-01,157,16,160
K320t,Lenovo,Android 7.0,5.7,720x1440,3000,Li-Ion,3,2017-12-01,153,16,200
P smart,Huawei,Android 8.0,5.65,1080x2160,3000,Li-Po,4,2017-12-01,143,32,450
Galaxy A8 (2018),Samsung,Android 7.1.1,5.6,1080x2220,3000,Li-Ion,4,2017-12-01,172,32,230
Galaxy A8+ (2018),Samsung,Android 7.1.1,6,1080x2220,3500,Li-Ion,6,2017-12-01,191,32,120
9 Lite,Honor,Android 8.0,5.65,1080x2160,3000,Li-Po,4,2017-12-01,149,32,190
Xperia XA2 Ultra,Sony,Android 8.0,6,1080x1920,3580,Li-Ion,4,2018-01-01,221,32,260
A83,Oppo,Android 7.1,5.7,720x1440,3180,Li-Ion,4,2018-01-01,143,16,500
Xperia XA2,Sony,Android 8.0,5.2,1080x1920,3300,Li-Ion,3,2018-01-01,171,32,200
Aristo 2,LG,Android 7.1.2,5,720x1280,2410,Li-Ion,2,2018-01-01,139,16,200
X4+,LG,Android 7.0,5.3,720x1280,3000,Li-Ion,2,2018-01-01,172,32,500
Galaxy J2 Pro (2018),Samsung,Android 7.1,5,540x960,2600,Li-Ion,2,2018-01-01,153,16,250
Xperia L2,Sony,Android 7.1.1,5.5,720x1280,3300,Li-Ion,3,2018-01-01,178,32,140
Xperia XZ2 Compact,Sony,Android 8.0,5,1080x2160,2870,Li-Ion,4,2018-02-01,168,64,430
V30S ThinQ,LG,Android 8.0,6,1440x2880,3300,Li-Po,6,2018-02-01,158,128,100
K10 (2018),LG,Android 7.1.2,5.3,720x1280,3000,Li-Ion,3,2018-02-01,162,16,140
Redmi 5 Plus (Redmi Note 5),Xiaomi,Android 7.1.2,5.99,1080x2160,4000,Li-Po,4,2018-02-01,180,32,180
A71 (2018),Oppo,Android 7.1,5.2,720x1280,3000,Li-Ion,3,2018-02-01,137,16,280
K8 (2018),LG,Android 7.1.2,5,720x1280,2500,Li-Ion,2,2018-02-01,152,16,70
Redmi Note 5 Pro,Xiaomi,Android 7.1.2,5.99,1080x2160,4000,Li-Po,6,2018-02-14,181,64,180
Galaxy S9,Samsung,Android 8.0,5.8,1440x2960,3000,Li-Ion,4,2018-02-25,163,64,300
Galaxy S9+,Samsung,Android 8.0,6.2,1440x2960,3500,Li-Ion,6,2018-02-25,189,64,120
Xperia XZ2,Sony,Android 8.0,5.7,1080x2160,3180,Li-Ion,6,2018-02-26,198,64,360
Mi Mix 2S,Xiaomi,Android 8.0,5.99,1080x2160,3400,Li-Ion,8,2018-03-01,191,64,270
Redmi Note 5 AI Dual Camera,Xiaomi,Android 8.0,5.99,1080x2160,4000,Li-Po,6,2018-03-01,181,32,180
A1 (2018),Oppo,Android 7.1.1,5.7,720x1440,3180,Li-Ion,4,2018-03-01,143,32,180
R15,Oppo,Android 8.1,6.28,1080x2280,3450,Li-Po,8,2018-03-01,175,128,450
R15 Pro,Oppo,Android 8.1,6.28,1080x2280,3430,Li-Po,6,2018-03-01,180,128,320
Galaxy J7 Prime 2,Samsung,Android 7.0,5.5,1080x1920,3300,Li-Ion,3,2018-03-01,170,32,370
Y9 (2018),Huawei,Android 8.0,5.93,1080x2160,4000,Li-Ion,4,2018-03-01,170,32,600
K5 play,Lenovo,Android 8.0,5.7,720x1440,3000,Li-Ion,3,2018-03-01,155,16,150
K5,Lenovo,Android 7.1,5.7,720x1440,3000,Li-Ion,3,2018-03-01,160,32,150
Y7 (2018),Huawei,Android 8.0,5.99,720x1440,3000,Li-Ion,2,2018-03-01,155,16,200
S5,Lenovo,Android 8.0,5.7,1080x2160,3000,Li-Po,4,2018-03-01,155,32,230
Y7 Prime (2018),Huawei,Android 8.0,5.99,720x1440,3000,Li-Ion,4,2018-03-01,155,32,170
Zone 4,LG,Android 7.1.2,5,720x1280,2500,Li-Ion,2,2018-03-01,140,16,180
F7,Oppo,Android 8.1,6.23,1080x2280,3400,Li-Ion,6,2018-03-01,158,64,580
Y7 Pro (2018),Huawei,Android 8.0,5.99,720x1440,3000,Li-Ion,3,2018-03-01,155,32,220
Mate RS Porsche Design,Huawei,Android 8.1,6,1440x2880,4000,Li-Po,6,2018-03-01,183,256,240
P20 lite,Huawei,Android 8.0,5.84,1080x2280,3000,Li-Po,4,2018-03-20,145,32,150
P20 Pro,Huawei,Android 8.1,6.1,1080x2240,4000,Li-Po,8,2018-03-27,180,64,150
P20,Huawei,Android 8.1,5.8,1080x2240,3400,Li-Po,6,2018-03-27,165,64,170
Y6 (2018),Huawei,Android 8.0,5.7,720x1440,3000,Li-Ion,3,2018-04-01,150,16,330
Y6 Prime (2018),Huawei,Android 8.0,5.7,720x1440,3000,Li-Ion,3,2018-04-01,150,16,410
Xperia XZ2 Premium,Sony,Android 8.0,5.8,3840x2160,3540,Li-Ion,6,2018-04-01,236,64,460
Galaxy J7 Duo,Samsung,Android 8.0,5.5,720x1280,3000,Li-Ion,4,2018-04-01,174,32,420
7A,Honor,Android 8.0,5.7,720x1440,3000,Li-Po,3,2018-04-01,150,16,120
A3,Oppo,Android 8.1,6.2,1080x2280,3400,Li-Ion,4,2018-04-01,159,128,280
Black Shark,Xiaomi,Android 8.0,5.99,1080x2160,4000,Li-Ion,8,2018-04-01,190,64,400
1,Realme,Android 8.1,6,1080x2160,3410,Li-Ion,6,2018-05-01,155,32,130
10,Honor,Android 8.1,5.84,1080x2280,3400,Li-Po,8,2018-05-01,153,64,310
7C,Honor,Android 8.0,5.99,720x1440,3000,Li-Po,4,2018-05-01,164,32,200
Y3 (2018),Huawei,Android 8.0 Oreo,5,480x854,2280,Li-Ion,1,2018-05-01,175,8,1300
Galaxy J8,Samsung,Android 8.0,6,720x1480,3500,Li-Ion,4,2018-05-01,177,32,140
Galaxy J6,Samsung,Android 8.0,5.6,720x1480,3000,Li-Ion,4,2018-05-01,154,32,230
Galaxy J4,Samsung,Android 8.0,5.5,720x1280,3000,Li-Ion,3,2018-05-01,175,16,220
Galaxy A6+ (2018),Samsung,Android 8.0,6,1080x2220,3500,Li-Ion,4,2018-05-01,186,32,240
Galaxy A6 (2018),Samsung,Android 8.0,5.6,720x1480,3000,Li-Ion,4,2018-05-01,162,32,170
7S,Honor,Android 8.1,5.45,720x1440,3020,Li-Ion,2,2018-05-01,142,16,110
Y5 Prime (2018),Huawei,Android 8.1,5.45,720x1440,3020,Li-Ion,2,2018-05-01,142,16,150
Galaxy S Light Luxury,Samsung,Android 8.0,5.8,1080x2220,3000,Li-Ion,4,2018-05-01,150,64,180
V35 ThinQ,LG,Android 8.0,6,1440x2880,3300,Li-Po,6,2018-05-01,157,64,150
Q7,LG,Android 8.1,5.5,1080x2160,3000,Li-Po,4,2018-05-01,145,32,370
F7 Youth,Oppo,Android 8.1,6,1080x2160,3410,Li-Ion,4,2018-05-01,155,64,200
Mi 8 Explorer,Xiaomi,Android 8.1,6.21,1080x2248,3000,Li-Po,8,2018-05-01,177,128,400
Mi 8,Xiaomi,Android 8.1,6.21,1080x2248,3400,Li-Po,8,2018-05-01,175,64,430
Mi 8 SE,Xiaomi,Android 8.1,5.88,1080x2244,3120,Li-Po,6,2018-05-01,164,64,260
Redmi S2 (Redmi Y2),Xiaomi,Android 8.1,5.99,720x1440,3080,Li-Po,4,2018-05-01,170,32,160
K30,LG,Android 7.1,5.3,720x1280,2880,Li-Ion,2,2018-05-01,168,32,150
G7 ThinQ,LG,Android 8.0,6.1,1440x3120,3000,Li-Po,6,2018-05-02,162,64,300
6,OnePlus,Android 8.1,6.28,1080x2280,3300,Li-Po,8,2018-05-16,177,64,410
Find X Lamborghini,Oppo,Android 8.1,6.42,1080x2340,3400,Li-Ion,8,2018-06-01,186,512,130
Galaxy J7 (2018),Samsung,Android 8.0,5.5,720x1280,3300,Li-Ion,2,2018-06-01,181,16,350
Galaxy J3 (2018),Samsung,Android 8.0,5,720x1280,2600,Li-Ion,2,2018-06-01,152,16,400
Galaxy A8 Star (A9 Star),Samsung,Android 8.0,6.3,1080x2220,3700,Li-Ion,6,2018-06-01,191,64,310
K5 Note (2018),Lenovo,Android 8.0,6,720x1440,3760,Li-Ion,4,2018-06-01,176,32,110
Z5,Lenovo,Android 8.1,6.2,1080x2246,3300,Li-Ion,6,2018-06-01,165,64,120
A5,Lenovo,Android 8.0,5.45,720x1440,4000,Li-Ion,3,2018-06-01,160,16,130
Q Stylo 4,LG,Android 8.1,6.2,1080x2160,3300,Li-Ion,2,2018-06-01,172,32,300
Q Stylus,LG,Android 8.1,6.2,1080x2160,3300,Li-Ion,4,2018-06-01,171,32,350
Redmi 6,Xiaomi,Android 8.1,5.45,720x1440,3000,Li-Po,4,2018-06-01,146,32,130
Redmi 6A,Xiaomi,Android 8.1,5.45,720x1440,3000,Li-Ion,3,2018-06-01,145,16,110
9N (9i),Honor,Android 8.0,5.84,1080x2280,3000,Li-Po,4,2018-07-01,152,32,220
Note 10,Honor,Android 8.1,6.95,1080x2220,5000,Li-Po,8,2018-07-01,230,64,400
P Smart+ 2019,Huawei,Android 9.0,6.21,1080x2340,3400,Li-Ion,6,2018-07-01,160,64,100
nova 3,Huawei,Android 8.1,6.3,1080x2340,3750,Li-Po,6,2018-07-01,166,64,140
Play,Honor,Android 8.1,6.3,1080x2340,3750,Li-Po,6,2018-07-01,176,64,250
K11 Plus,LG,Android 7.1.2,5.3,720x1280,3000,Li-Ion,3,2018-07-01,162,16,250
X power 3,LG,Android 8.1,5.5,720x1280,4500,Li-Po,2,2018-07-01,171,16,160
Xperia XA2 Plus,Sony,Android 8.0,6,1080x2160,3580,Li-Ion,6,2018-07-01,205,32,240
Mi Max 3,Xiaomi,Android 8.1,6.9,1080x2160,5500,Li-Ion,6,2018-07-01,221,64,310
Mi A2 Lite (Redmi 6 Pro),Xiaomi,Android 8.1,5.84,1080x2280,4000,Li-Po,4,2018-07-01,178,32,380
Galaxy On6,Samsung,Android 8.0,5.6,720x1480,3000,Li-Ion,4,2018-07-01,154,32,150
A5 (AX5),Oppo,Android 8.1,6.2,720x1520,4230,Li-Ion,4,2018-07-01,168,32,150
A3s,Oppo,Android 8.1,6.2,720x1520,4230,Li-Ion,4,2018-07-13,168,16,460
nova 3i,Huawei,Android 8.1,6.3,1080x2340,3340,Li-Ion,6,2018-07-18,169,64,90
Mi A2 (Mi 6X),Xiaomi,Android 8.1,5.99,1080x2160,3000,Li-Po,6,2018-07-24,166,32,270
R17,Oppo,Android 8.1,6.4,1080x2340,3500,Li-Po,8,2018-08-01,182,128,270
G7 One,LG,Android 8.1,6.1,1440x3120,3000,Li-Po,4,2018-08-01,156,32,300
Q8 (2018),LG,Android 8.1,6.2,1080x2160,3300,Li-Po,4,2018-08-01,172,64,140
F9 (F9 Pro),Oppo,Android 8.1,6.3,1080x2340,3500,Li-Po,6,2018-08-01,169,64,510
Galaxy J2 Core,Samsung,Android 8.1 Oreo,5,540x960,2600,Li-Ion,1,2018-08-01,154,8,200
2,Realme,Android 8.1,6.2,720x1520,4230,Li-Ion,4,2018-08-01,168,32,120
G7 Fit,LG,Android 8.1,6.1,1440x3120,3000,Li-Ion,4,2018-08-01,156,32,350
Mate 20 lite,Huawei,Android 8.1,6.3,1080x2340,3750,Li-Ion,6,2018-08-01,172,64,350
RX17 Pro,Oppo,Android 8.1,6.4,1080x2340,3700,Li-Po,8,2018-08-01,183,128,330
Candy,LG,Android 7.1.2,5,720x1280,2500,Li-Ion,2,2018-08-01,152,16,200
Galaxy Note9,Samsung,Android 8.1,6.4,1440x2960,4000,Li-Ion,8,2018-08-09,201,128,150
Pocophone F1,Xiaomi,Android 8.1,6.18,1080x2246,4000,Li-Po,8,2018-08-22,182,64,360
Xperia XZ3,Sony,Android 9.0,6,1440x2880,3300,Li-Ion,6,2018-08-30,193,64,510
Mi 8 Lite,Xiaomi,Android 8.1,6.26,1080x2280,3350,Li-Po,6,2018-09-01,169,64,360
Mi 8 Pro,Xiaomi,Android 8.1,6.21,1080x2248,3000,Li-Po,8,2018-09-01,177,128,510
Redmi Note 6 Pro,Xiaomi,Android 8.1,6.26,1080x2280,4000,Li-Po,6,2018-09-01,182,32,200
A7x,Oppo,Android 8.1,6.3,1080x2340,3500,Li-Po,4,2018-09-01,169,64,250
Galaxy J4+,Samsung,Android 8.1,6,720x1480,3300,Li-Ion,3,2018-09-01,178,16,100
8X,Honor,Android 8.1,6.5,1080x2340,3750,Li-Po,6,2018-09-01,175,64,220
8X Max,Honor,Android 8.1,7.12,1080x2244,5000,Li-Po,6,2018-09-01,210,64,250
C1,Realme,Android 8.1,6.2,720x1520,4230,Li-Ion,2,2018-09-01,168,16,100
Galaxy J6+,Samsung,Android 8.1,6,720x1480,3300,Li-Ion,4,2018-09-01,178,32,220
2 Pro,Realme,Android 8.1,6.3,1080x2340,3500,Li-Ion,8,2018-09-01,174,64,150
iPhone XS Max,Apple,iOS 12,6.5,1242x2688,3174,Li-Ion,4,2018-09-12,208,64,570
iPhone XS,Apple,iOS 12,5.8,1125x2436,2658,Li-Ion,4,2018-09-12,177,64,380
iPhone XR,Apple,iOS 12,6.1,828x1792,2942,Li-Ion,3,2018-09-12,194,64,310
Galaxy A7 (2018),Samsung,Android 8.0,6,1080x2220,3300,Li-Po,6,2018-09-20,168,64,200
Black Shark Helo,Xiaomi,Android 8.0,6.01,1080x2160,4000,Li-Ion,6,2018-10-01,190,128,450
Mi Mix 3,Xiaomi,Android 9.0,6.39,1080x2340,3200,Li-Po,6,2018-10-01,218,128,730
K9,Lenovo,Android 8.1,5.7,720x1440,3000,Li-Ion,3,2018-10-01,155,32,150
K5 Pro,Lenovo,Android 8.1,5.99,1080x2160,4050,Li-Ion,6,2018-10-01,165,64,200
S5 Pro,Lenovo,Android 8.1,6.2,1080x2246,3500,Li-Ion,6,2018-10-01,170,64,130
Mate 20 RS Porsche Design,Huawei,Android 9.0,6.39,1440x3120,4200,Li-Po,8,2018-10-01,187,256,460
Mate 20 X,Huawei,Android 9.0,7.2,1080x2244,5000,Li-Po,8,2018-10-01,232,128,180
Galaxy A6s,Samsung,Android 8.0,6,1080x2160,3300,Li-Ion,6,2018-10-01,183,64,310
Mate 20,Huawei,Android 9.0,6.53,1080x2244,4000,Li-Po,6,2018-10-01,188,64,260
Galaxy A9 (2018),Samsung,Android 8.0,6.3,1080x2220,3800,Li-Ion,8,2018-10-01,183,64,430
K1,Oppo,Android 8.1,6.4,1080x2340,3600,Li-Ion,6,2018-10-01,156,64,1350
Y9 (2019),Huawei,Android 8.1,6.5,1080x2340,4000,Li-Ion,6,2018-10-01,173,64,220
R15x,Oppo,Android 8.1,6.4,1080x2340,3600,Li-Ion,6,2018-10-01,156,128,132
8C,Honor,Android 8.1,6.26,720x1520,4000,Li-Po,4,2018-10-01,167,32,170
Magic 2,Honor,Android 9.0,6.39,1080x2340,3500,Li-Po,8,2018-10-01,206,128,550
V40 ThinQ,LG,Android 8.1,6.4,1440x3120,3300,Li-Po,6,2018-10-03,169,64,70
Pixel 3 XL,Google,Android 9.0,6.3,1440x2960,3430,Li-Po,4,2018-10-09,184,64,260
Pixel 3,Google,Android 9.0,5.5,1080x2160,2915,Li-Po,4,2018-10-09,148,64,450
Mate 20 Pro,Huawei,Android 9.0,6.39,1440x3120,4200,Li-Po,8,2018-10-16,189,128,230
6T,OnePlus,Android 9.0,6.41,1080x2340,3700,Li-Po,8,2018-10-29,185,128,430
U1,Realme,Android 8.1,6.3,1080x2340,3500,Li-Ion,4,2018-11-01,168,32,130
Y Max,Huawei,Android 8.1,7.12,1080x2244,5000,Li-Po,4,2018-11-01,210,128,180
Z5 Pro,Lenovo,Android 8.1,6.39,1080x2340,3350,Li-Po,6,2018-11-01,210,64,150
RX17 Neo,Oppo,Android 8.1,6.41,1080x2340,3600,Li-Ion,4,2018-11-01,156,128,230
A7,Oppo,Android 8.1,6.2,720x1520,4230,Li-Ion,4,2018-11-01,168,32,290
Galaxy J4 Core,Samsung,Android 8.1 Oreo,6,720x1480,3300,Li-Ion,1,2018-11-01,177,16,120
10 Lite,Honor,Android 9.0,6.21,1080x2340,3400,Li-Po,6,2018-11-01,162,32,180
Enjoy 9,Huawei,Android 8.1,6.26,720x1520,4000,Li-Po,4,2018-12-01,168,32,800
Galaxy A8s,Samsung,Android 9.0,6.4,1080x2340,3400,Li-Ion,8,2018-12-01,173,128,550
nova 4,Huawei,Android 9.0,6.4,1080x2310,3750,Li-Po,8,2018-12-01,172,128,1200
S5 Pro GT,Lenovo,Android 8.1,6.2,1080x2246,3500,Li-Ion,6,2018-12-01,170,64,400
Y5 lite (2018),Huawei,Android 8.1 Oreo,5.45,720x1440,3020,Li-Ion,1,2018-12-01,142,16,130
Mi Play,Xiaomi,Android 9.0,5.84,1080x2280,3000,Li-Ion,6,2018-12-01,150,64,170
Z5 Pro GT,Lenovo,Android 8.1,6.39,1080x2340,3350,Li-Po,6,2018-12-01,210,128,200
6T McLaren,OnePlus,Android 9.0,6.41,1080x2340,3700,Li-Po,10,2018-12-11,185,256,700
Z5s,Lenovo,Android 9.0,6.3,1080x2340,3300,Li-Ion,6,2018-12-18,172,64,300
P smart 2019,Huawei,Android 9.0,6.21,1080x2340,3400,Li-Ion,3,2018-12-28,160,32,580
Y7 Pro (2019),Huawei,Android 8.1,6.26,720x1520,4000,Li-Ion,4,2019-01-01,168,32,200
Y7 Prime (2019),Huawei,Android 8.1,6.26,720x1520,4000,Li-Ion,3,2019-01-01,168,32,400
Redmi Go,Xiaomi,Android 8.1 Oreo,5,720x1280,3000,Li-Ion,1,2019-01-01,137,8,100
Tribute Empire,LG,Android 8.1,5,720x1280,2500,Li-Ion,2,2019-01-01,140,16,80
Play 8A,Honor,Android 9.0,6.09,720x1560,3020,Li-Po,3,2019-01-01,150,32,100
Q9,LG,Android 8.1,6.1,1440x3120,3000,Li-Ion,4,2019-01-01,159,64,330
Galaxy M10,Samsung,Android 8.1,6.22,720x1520,3400,Li-Ion,3,2019-01-01,163,16,90
C1 (2019),Realme,Android 8.1,6.2,720x1520,4230,Li-Ion,3,2019-01-01,168,32,90
Redmi Note 7,Xiaomi,Android 9.0,6.3,1080x2340,4000,Li-Po,6,2019-01-10,186,32,170
Galaxy M20,Samsung,Android 8.1,6.3,1080x2340,5000,Li-Po,4,2019-01-28,186,32,380
Q60,LG,Android 9.0,6.26,720x1520,3500,Li-Ion,3,2019-02-01,172,64,180
K50,LG,Android 9.0,6.26,720x1520,3500,Li-Po,3,2019-02-01,170,32,140
K40,LG,Android 8.1,5.7,720x1440,3000,Li-Ion,3,2019-02-01,144,32,400
Y6 Pro (2019),Huawei,Android 9.0,6.09,720x1560,3020,Li-Ion,3,2019-02-01,150,32,200
Galaxy Fold,Samsung,Android 9.0,7.3,1536x2152,4380,Li-Po,12,2019-02-01,276,512,260
Xperia L3,Sony,Android 8.0,5.7,720x1440,3300,Li-Ion,3,2019-02-01,156,32,230
Galaxy Fold 5G,Samsung,Android 9.0,7.3,1536x2152,4235,Li-Po,12,2019-02-01,276,512,400
Galaxy S10 5G,Samsung,Android 9.0,6.7,1440x3040,4500,Li-Ion,8,2019-02-01,198,256,300
Mate X,Huawei,Android 9.0,8,2200x2480,4500,Li-Po,8,2019-02-01,295,512,200
Mi 9 Explorer,Xiaomi,Android 9.0,6.39,1080x2340,3300,Li-Po,8,2019-02-01,173,256,530
Mi Mix 3 5G,Xiaomi,Android 9.0,6.39,1080x2340,3800,Li-Po,6,2019-02-01,225,64,410
Galaxy S10,Samsung,Android 9.0,6.1,1440x3040,3400,Li-Ion,8,2019-02-20,157,128,200
Mi 9,Xiaomi,Android 9.0,6.39,1080x2340,3300,Li-Po,8,2019-02-20,173,64,590
Mi 9 SE,Xiaomi,Android 9.0,5.97,1080x2340,3070,Li-Po,6,2019-02-20,155,64,460
Galaxy S10e,Samsung,Android 9.0,5.8,1080x2280,3100,Li-Ion,8,2019-02-20,150,128,260
Galaxy S10+,Samsung,Android 9.0,6.4,1440x3040,4100,Li-Ion,8,2019-02-20,175,128,360
V50 ThinQ 5G,LG,Android 9.0,6.4,1440x3120,4000,Li-Po,6,2019-02-24,183,128,480
G8S ThinQ,LG,Android 9.0,6.21,1080x2248,3550,Li-Po,6,2019-02-24,181,64,350
G8 ThinQ,LG,Android 9.0,6.1,1440x3120,3500,Li-Po,6,2019-02-24,167,128,230
Xperia 1,Sony,Android 9.0,6.5,1644x3840,3330,Li-Ion,6,2019-02-25,178,64,500
Galaxy A50,Samsung,Android 9.0,6.4,1080x2340,4000,Li-Po,6,2019-02-25,166,64,110
Xperia 10 Plus,Sony,Android 9.0,6.5,1080x2520,3000,Li-Ion,6,2019-02-25,180,64,560
Xperia 10,Sony,Android 9.0,6,1080x2520,2870,Li-Ion,4,2019-02-25,162,64,280
Galaxy A30,Samsung,Android 9.0,6.4,1080x2340,4000,Li-Po,4,2019-02-25,165,32,100
Galaxy M30,Samsung,Android 8.1,6.4,1080x2340,5000,Li-Po,6,2019-02-27,174,32,240
Redmi Note 7 Pro,Xiaomi,Android 9.0,6.3,1080x2340,4000,Li-Po,6,2019-02-28,186,64,260
Galaxy A10,Samsung,Android 9.0,6.2,720x1520,3400,Li-Ion,4,2019-02-28,168,32,300
Black Shark 2,Xiaomi,Android 9.0,6.39,1080x2340,4000,Li-Ion,6,2019-03-01,205,128,400
F11,Oppo,Android 9.0,6.53,1080x2340,4020,Li-Po,6,2019-03-01,188,64,600
3,Realme,Android 9.0,6.22,720x1520,4230,Li-Po,4,2019-03-01,175,32,108
Magic 2 3D,Honor,Android 9.0,6.39,1080x2340,3500,Li-Po,8,2019-03-01,206,128,600
Enjoy 9s,Huawei,Android 9.0,6.21,1080x2340,3400,Li-Po,6,2019-03-01,160,64,130
F11 Pro,Oppo,Android 9.0,6.53,1080x2340,4000,Li-Po,6,2019-03-01,190,64,460
Enjoy 9e,Huawei,Android 9.0,6.09,720x1560,3020,Li-Po,3,2019-03-01,150,32,120
nova 4e,Huawei,Android 9.0,6.15,1080x2312,3340,Li-Po,6,2019-03-01,159,128,200
Y6 (2019),Huawei,Android 9.0,6.09,720x1560,3020,Li-Ion,2,2019-03-02,150,32,200
Y7 (2019),Huawei,Android 8.1,6.26,720x1520,4000,Li-Ion,4,2019-03-07,168,32,100
Redmi 7,Xiaomi,Android 9.0 Pie,6.26,720x1520,4000,Li-Po,4,2019-03-18,180,16,150
A5s (AX5s),Oppo,Android 8.1,6.2,720x1520,4230,Li-Ion,4,2019-03-18,170,32,270
Galaxy A20,Samsung,Android 9.0,6.4,720x1560,4000,Li-Po,3,2019-03-19,169,32,400
Galaxy A40,Samsung,Android 9.0,5.9,1080x2340,3100,Li-Po,4,2019-03-19,140,64,200
P30,Huawei,Android 9.0,6.1,1080x2340,3650,Li-Po,8,2019-03-26,165,64,130
P30 Pro,Huawei,Android 9.0,6.47,1080x2340,4200,Li-Po,8,2019-03-26,192,128,270
Galaxy A70,Samsung,Android 9.0,6.7,1080x2400,4500,Li-Po,8,2019-03-26,183,128,270
P30 lite,Huawei,Android 9.0,6.15,1080x2312,3340,Li-Po,8,2019-03-27,159,64,120
Redmi Y3,Xiaomi,Android 9.0,6.26,720x1520,4000,Li-Po,4,2019-04-01,180,32,120
A1k,Oppo,Android 9.0,6.1,720x1560,4000,Li-Po,3,2019-04-01,170,32,330
A7n,Oppo,Android 8.1,6.2,720x1520,4230,Li-Ion,4,2019-04-01,170,64,210
8S,Honor,Android 9.0,5.71,720x1520,3020,Li-Po,3,2019-04-01,146,32,120
A9,Oppo,Android 9.0,6.53,1080x2340,4020,Li-Po,8,2019-04-01,190,128,250
K6 Enjoy,Lenovo,Android 9.0,6.22,720x1520,3300,Li-Ion,4,2019-04-01,161,64,220
Galaxy A60,Samsung,Android 9.0,6.3,1080x2340,3500,Li-Po,6,2019-04-01,168,64,260
Galaxy A2 Core,Samsung,Android 8.0 Oreo,5,540x960,2600,Li-Ion,1,2019-04-01,142,8,290
Reno 5G,Oppo,Android 9.0,6.6,1080x2340,4065,Li-Po,8,2019-04-01,215,256,320
8A Pro,Honor,Android 9.0,6.09,720x1560,3020,Li-Po,3,2019-04-01,150,32,200
20i,Honor,Android 9.0,6.21,1080x2340,3400,Li-Po,6,2019-04-01,164,64,210
20 lite,Honor,Android 9.0,6.21,1080x2340,3400,Li-Po,8,2019-04-01,164,64,190
Reno,Oppo,Android 9.0,6.4,1080x2340,3765,Li-Po,8,2019-04-01,185,128,350
Reno 10x zoom,Oppo,Android 9.0,6.6,1080x2340,4065,Li-Po,6,2019-04-01,210,128,270
Galaxy A20e,Samsung,Android 9.0,5.8,720x1560,3000,Li-Po,3,2019-04-10,141,32,160
Galaxy A80,Samsung,Android 9.0,6.7,1080x2400,3700,Li-Po,8,2019-04-10,220,128,290
A7,Lenovo,Android 9.0,6.09,720x1560,4000,Li-Po,4,2019-04-13,187,64,200
C2,Realme,Android 9.0,6.1,720x1560,4000,Li-Po,3,2019-04-22,166,16,72
3 Pro,Realme,Android 9.0,6.3,1080x2340,4045,Li-Po,6,2019-04-22,172,64,270
Z6 Pro,Lenovo,Android 9.0,6.39,1080x2340,4000,Li-Po,6,2019-04-23,185,128,200
Y5 (2019),Huawei,Android 9.0,5.71,720x1520,3020,Li-Ion,2,2019-04-24,146,16,280
20,Honor,Android 9.0,6.26,1080x2340,3750,Li-Po,8,2019-05-01,174,128,400
X,Realme,Android 9.0,6.53,1080x2340,3765,Li-Po,8,2019-05-01,191,64,160
P Smart Z,Huawei,Android 9.0,6.59,1080x2340,4000,Li-Po,4,2019-05-01,196,64,319
Mate 20 X (5G),Huawei,Android 9.0,7.2,1080x2244,4200,Li-Po,8,2019-05-01,233,128,420
Reno Z,Oppo,Android 9.0,6.4,1080x2340,4035,Li-Po,8,2019-05-01,186,128,470
Redmi K20,Xiaomi,Android 9.0,6.39,1080x2340,4000,Li-Po,8,2019-05-01,191,64,260
Z6 Youth,Lenovo,Android 9.0,6.3,1080x2340,4050,Li-Po,6,2019-05-01,164,64,190
K3,Oppo,Android 9.0,6.5,1080x2340,3765,Li-Po,8,2019-05-01,191,64,100
20 Pro,Honor,Android 9.0,6.26,1080x2340,4000,Li-Po,8,2019-05-01,182,128,470
Redmi Note 7S,Xiaomi,Android 9.0,6.3,1080x2340,4000,Li-Po,4,2019-05-01,186,32,140
A9x,Oppo,Android 9.0,6.53,1080x2340,4020,Li-Po,6,2019-05-01,190,128,200
Pixel 3a,Google,Android 9.0,5.6,1080x2220,3000,Li-Po,4,2019-05-07,147,64,290
Pixel 3a XL,Google,Android 9.0,6,1080x2160,3700,Li-Po,4,2019-05-07,167,64,290
7,OnePlus,Android 9.0,6.41,1080x2340,3700,Li-Po,6,2019-05-14,182,128,400
7 Pro,OnePlus,Android 9.0,6.67,1440x3120,4000,Li-Po,6,2019-05-14,206,128,590
7 Pro 5G,OnePlus,Android 9.0,6.67,1440x3120,4000,Li-Po,6,2019-05-14,206,128,800
Redmi 7A,Xiaomi,Android 9.0,5.45,720x1440,4000,Li-Po,3,2019-05-24,165,16,130
Redmi K20 Pro,Xiaomi,Android 9.0,6.39,1080x2340,4000,Li-Po,8,2019-05-28,191,64,400
Galaxy M40,Samsung,Android 9.0,6.3,1080x2340,3500,Li-Po,6,2019-06-01,168,64,400
nova 5 Pro,Huawei,Android 9.0,6.39,1080x2340,3500,Li-Po,8,2019-06-01,171,128,220
P20 lite (2019),Huawei,Android 9.0,6.4,1080x2310,4000,Li-Po,4,2019-06-01,178,64,670
Galaxy Xcover 4s,Samsung,Android 9.0,5,720x1280,2800,Li-Ion,3,2019-06-01,172,32,380
nova 5,Huawei,Android 9.0,6.39,1080x2340,3500,Li-Po,8,2019-06-01,171,128,280
Stylo 5,LG,Android 9.0,6.2,1080x2160,3500,Li-Ion,3,2019-06-01,179,32,550
nova 5i,Huawei,Android 9.0,6.4,1080x2310,4000,Li-Po,8,2019-06-01,178,128,280
W30,LG,Android 9.0,6.26,720x1520,4000,Li-Po,4,2019-06-01,175,32,110
W30 Pro,LG,Android 9.0,6.22,720x1520,4050,Li-Po,4,2019-06-01,172,64,130
W10,LG,Android 9.0,6.19,720x1512,4000,Li-Po,3,2019-06-01,164,32,200
Mi 9T,Xiaomi,Android 9.0,6.39,1080x2340,4000,Li-Po,6,2019-06-12,191,64,460
Z6 Pro 5G,Lenovo,Android 9.0,6.39,1080x2340,4000,Li-Po,6,2019-06-26,185,128,430
Galaxy A10e,Samsung,Android 9.0,5.83,720x1560,3000,Li-Ion,3,2019-07-01,141,32,120
nova 5i Pro,Huawei,Android 9.0,6.26,1080x2340,4000,Li-Po,8,2019-07-01,178,128,390
Mi CC9,Xiaomi,Android 9.0,6.39,1080x2340,4030,Li-Po,8,2019-07-01,179,64,260
Mi CC9e,Xiaomi,Android 9.0,6.01,720x1560,4030,Li-Po,6,2019-07-01,173,64,170
Black Shark 2 Pro,Xiaomi,Android 9.0,6.39,1080x2340,4000,Li-Ion,8,2019-07-01,205,128,550
3i,Realme,Android 9.0,6.2,720x1520,4230,Li-Po,4,2019-07-01,175,32,96
9X (China),Honor,Android 9.0,6.59,1080x2340,4000,Li-Po,8,2019-07-01,206,64,180
Z6,Lenovo,Android 9.0,6.39,1080x2340,4000,Li-Po,8,2019-07-04,159,64,160
Mi A3,Xiaomi,Android 9.0,6.09,720x1560,4030,Li-Po,6,2019-07-17,173,64,230
9X Pro,Honor,Android 9.0,6.59,1080x2340,4000,Li-Po,8,2019-07-23,202,128,230
Y9 Prime (2019),Huawei,Android 9.0,6.59,1080x2340,4000,Li-Po,4,2019-08-01,196,64,760
Galaxy Note10 5G,Samsung,Android 9.0,6.3,1080x2280,3500,Li-Ion,12,2019-08-01,168,256,180
Galaxy Note10+ 5G,Samsung,Android 9.0,6.8,1440x3040,4300,Li-Ion,12,2019-08-01,198,256,1100
K40S,LG,Android 9.0,6.1,720x1520,3500,Li-Po,3,2019-08-01,186,32,200
K50S,LG,Android 9.0,6.5,720x1520,4000,Li-Po,3,2019-08-01,194,32,190
K20 (2019),LG,Android 9.0 Pie,5.45,480x960,3000,Li-Ion,1,2019-08-01,152,16,160
K30 (2019),LG,Android 9.0,5.45,720x1440,3000,Li-Ion,2,2019-08-01,148,16,100
Galaxy Note10+,Samsung,Android 9.0,6.8,1440x3040,4300,Li-Ion,12,2019-08-07,196,256,590
Galaxy Note10,Samsung,Android 9.0,6.3,1080x2280,3500,Li-Ion,8,2019-08-07,168,256,80
Galaxy A10s,Samsung,Android 9.0,6.2,720x1520,4000,Li-Po,3,2019-08-12,168,32,260
5 Pro,Realme,Android 9.0,6.3,1080x2340,4035,Li-Po,8,2019-08-20,184,64,430
5,Realme,Android 9.0,6.5,720x1600,5000,Li-Po,4,2019-08-20,198,32,190
Mi 9T Pro,Xiaomi,Android 9.0,6.39,1080x2340,4000,Li-Po,8,2019-08-21,191,64,325.38
Galaxy A30s,Samsung,Android 9.0,6.4,720x1560,4000,Li-Po,4,2019-08-22,169,32,700
Galaxy A50s,Samsung,Android 9.0,6.4,1080x2340,4000,Li-Po,6,2019-08-22,169,64,590
nova 5T,Huawei,Android 9.0,6.26,1080x2340,3750,Li-Po,8,2019-08-27,174,128,260
Reno2,Oppo,Android 9.0,6.5,1080x2400,4000,Li-Po,8,2019-08-28,189,128,270
Reno2 F,Oppo,Android 9.0,6.5,1080x2340,4000,Li-Po,8,2019-08-28,195,128,880
Reno2 Z,Oppo,Android 9.0,6.53,1080x2340,4000,Li-Po,8,2019-08-28,195,128,1020
Redmi Note 8 Pro,Xiaomi,Android 9.0,6.53,1080x2340,4500,Li-Po,8,2019-08-29,200,64,220
Redmi Note 8,Xiaomi,Android 9.0,6.3,1080x2340,4000,Li-Po,6,2019-08-29,190,32,220
Galaxy M10s,Samsung,Android 9.0,6.4,720x1560,4000,Li-Ion,3,2019-09-01,169,32,1750
Galaxy A90 5G,Samsung,Android 9.0,6.7,1080x2400,4500,Li-Po,8,2019-09-01,206,128,290
Galaxy A70s,Samsung,Android 9.0,6.7,1080x2400,4500,Li-Po,8,2019-09-01,187,128,260
Q,Realme,Android 9.0,6.3,1080x2340,4035,Li-Po,8,2019-09-01,184,64,130
Redmi K20 Pro Premium,Xiaomi,Android 10,6.39,1080x2340,4000,Li-Po,8,2019-09-01,191,128,450
20S,Honor,Android 9.0,6.26,1080x2340,3750,Li-Po,8,2019-09-01,172,128,250
Mi 9 Pro 5G,Xiaomi,Android 10,6.39,1080x2340,4000,Li-Po,8,2019-09-01,196,128,600
Mate 30 RS Porsche Design,Huawei,Android 10,6.53,1176x2400,4500,Li-Po,12,2019-09-01,198,512,650
Reno A,Oppo,Android 9.0,6.4,1080x2340,3600,Li-Po,6,2019-09-01,169,128,330
Mate 30 5G,Huawei,Android 10,6.62,1080x2340,4200,Li-Po,8,2019-09-01,196,128,190
A6 Note,Lenovo,Android 9.0,6.09,720x1560,4000,Li-Po,3,2019-09-01,172,16,400
Mate 30,Huawei,Android 10,6.62,1080x2340,4200,Li-Po,8,2019-09-01,196,128,340
Play 3,Honor,Android 9.0,6.39,720x1560,4000,Li-Po,6,2019-09-01,176,64,130
Play 3e,Honor,Android 9.0,5.71,720x1520,3020,Li-Po,3,2019-09-01,146,32,90
Enjoy 10 Plus,Huawei,Android 9.0,6.59,1080x2340,4000,Li-Po,8,2019-09-01,163,128,360
Mi 9 Pro,Xiaomi,Android 10,6.39,1080x2340,4000,Li-Po,8,2019-09-01,196,128,500
K10 Note,Lenovo,Android 9.0,6.3,1080x2340,4050,Li-Po,6,2019-09-05,164,64,250
Xperia 5,Sony,Android 9.0,6.1,1080x2520,3140,Li-Ion,6,2019-09-05,164,128,500
G8X ThinQ,LG,Android 9.0,6.4,1080x2340,4000,Li-Po,6,2019-09-06,192,128,320
iPhone 11 Pro Max,Apple,iOS 13,6.5,1242x2688,3969,Li-Ion,4,2019-09-10,226,64,397.78
iPhone 11 Pro,Apple,iOS 13,5.8,1125x2436,3046,Li-Ion,4,2019-09-10,188,64,429.89
iPhone 11,Apple,iOS 13,6.1,828x1792,3110,Li-Ion,4,2019-09-10,194,64,494
A9 (2020),Oppo,Android 9.0,6.5,720x1600,5000,Li-Po,8,2019-09-10,195,128,260
XT,Realme,Android 9.0,6.4,1080x2340,4000,Li-Po,8,2019-09-13,183,64,290
Mi 9 Lite,Xiaomi,Android 9.0,6.39,1080x2340,4030,Li-Po,6,2019-09-16,179,64,320
Galaxy M30s,Samsung,Android 9.0,6.4,1080x2340,6000,Li-Po,6,2019-09-18,188,64,1400
Mate 30 Pro 5G,Huawei,Android 10,6.53,1176x2400,4500,Li-Po,8,2019-09-19,198,128,550
Mate 30 Pro,Huawei,Android 10,6.53,1176x2400,4500,Li-Po,8,2019-09-19,198,128,290
A5 (2020),Oppo,Android 9.0,6.5,720x1600,5000,Li-Po,4,2019-09-21,195,32,210
K10 Plus,Lenovo,Android 9.0,6.22,720x1520,4050,Li-Po,4,2019-09-23,172,64,100
X2,Realme,Android 9.0,6.4,1080x2340,4000,Li-Po,8,2019-09-24,182,64,480
Galaxy A20s,Samsung,Android 9.0,6.5,720x1560,4000,Li-Po,4,2019-09-24,183,32,110
Redmi 8A,Xiaomi,Android 9.0,6.22,720x1520,5000,Li-Po,4,2019-09-25,188,32,120
7T,OnePlus,Android 10,6.55,1080x2400,3800,Li-Po,8,2019-09-26,190,128,258.5
Q70,LG,Android 9.0,6.4,1080x2310,4000,Li-Po,4,2019-09-28,198,64,140
A11,Oppo,Android 9.0,6.5,720x1600,5000,Li-Po,6,2019-10-01,195,64,500
K5,Oppo,Android 9.0,6.4,1080x2340,4000,Li-Po,8,2019-10-01,182,128,340
V50S ThinQ 5G,LG,Android 9.0,6.4,1080x2340,4000,Li-Po,8,2019-10-01,192,256,560
20 lite (China),Honor,Android 9.0,6.3,1080x2400,4000,Li-Po,8,2019-10-01,171,64,220
Enjoy 10,Huawei,Android 9.0,6.39,720x1560,4000,Li-Po,6,2019-10-01,176,64,1290
Reno Ace,Oppo,Android 9.0,6.5,1080x2400,4000,Li-Po,8,2019-10-01,200,128,330
Galaxy Xcover FieldPro,Samsung,Android 8.0,5.1,1440x2560,4500,Li-Po,4,2019-10-01,256,64,250
nova 5z,Huawei,Android 9.0,6.26,1080x2340,4000,Li-Po,6,2019-10-01,178,64,1700
Redmi 8,Xiaomi,Android 9.0,6.22,720x1520,5000,Li-Po,4,2019-10-09,188,32,210
7T Pro,OnePlus,Android 10,6.67,1440x3120,4085,Li-Po,8,2019-10-10,206,256,1030
Pixel 4 XL,Google,Android 10,6.3,1440x3040,3700,Li-Po,6,2019-10-15,193,64,250
Pixel 4,Google,Android 10,5.7,1080x2280,2800,Li-Po,6,2019-10-15,162,64,300
X2 Pro,Realme,Android 9.0,6.5,1080x2400,4000,Li-Po,6,2019-10-15,199,64,440
7T Pro 5G McLaren,OnePlus,Android 10,6.67,1440x3120,4085,Li-Po,12,2019-10-23,206,256,800
Enjoy 10s,Huawei,Android 9.0,6.3,1080x2400,4000,Li-Po,8,2019-10-28,163,64,1440
9X,Honor,Android 9.0,6.59,1080x2340,4000,Li-Po,6,2019-10-28,196,64,240
Mi CC9 Pro,Xiaomi,Android 9.0,6.47,1080x2340,5260,Li-Po,8,2019-11-01,208,128,400
V30 Pro,Honor,Android 10,6.57,1080x2400,4100,Li-Po,8,2019-11-01,206,128,500
C2 2020,Realme,Android 9.0,6.1,720x1560,4000,Li-Po,3,2019-11-01,166,32,100
V30,Honor,Android 10,6.57,1080x2400,4200,Li-Po,8,2019-11-01,213,128,430
Redmi Note 8T,Xiaomi,Android 9.0,6.3,1080x2340,4000,Li-Po,4,2019-11-06,200,32,250
Mi Note 10 Pro,Xiaomi,Android 9.0,6.47,1080x2340,5260,Li-Po,8,2019-11-06,208,256,480
Mi Note 10,Xiaomi,Android 9.0,6.47,1080x2340,5260,Li-Po,6,2019-11-06,208,128,380
Y9s,Huawei,Android 9.0,6.59,1080x2340,4000,Li-Po,6,2019-11-08,206,128,150
5s,Realme,Android 9.0,6.5,720x1600,5000,Li-Po,4,2019-11-20,198,64,270
nova 6 SE,Huawei,Android 10,6.4,1080x2310,4200,Li-Po,8,2019-12-01,183,128,200
nova 6,Huawei,Android 10,6.57,1080x2400,4100,Li-Po,8,2019-12-01,197,128,220
A8,Oppo,Android 9.0,6.5,720x1600,4230,Li-Po,4,2019-12-01,180,128,150
nova 6 5G,Huawei,Android 10,6.57,1080x2400,4200,Li-Po,8,2019-12-01,212,128,2150
Reno3 5G,Oppo,Android 10,6.4,1080x2400,4025,Li-Po,8,2019-12-01,181,128,280
Reno3 Pro 5G,Oppo,Android 10,6.5,1080x2400,4025,Li-Po,8,2019-12-01,171,128,240
P smart Pro 2019,Huawei,Android 9.0,6.59,1080x2340,4000,Li-Po,6,2019-12-01,206,128,280
Redmi K30 5G,Xiaomi,Android 10,6.67,1080x2400,4500,Li-Po,8,2019-12-10,208,64,260
Redmi K30,Xiaomi,Android 10,6.67,1080x2400,4500,Li-Po,8,2019-12-10,208,64,210
Galaxy A51,Samsung,Android 10,6.5,1080x2400,4000,Li-Po,8,2019-12-12,172,64,380
Galaxy A71,Samsung,Android 10,6.7,1080x2400,4500,Li-Ion,8,2019-12-12,179,128,1020
Galaxy A01,Samsung,Android 10,5.7,720x1520,3000,Li-Ion,2,2019-12-17,149,16,240
A91,Oppo,Android 9.0,6.4,1080x2400,4025,Li-Po,8,2019-12-20,172,128,170
C2s,Realme,Android 9.0,6.1,720x1560,4000,Li-Po,3,2020-01-01,166,32,40
Galaxy Xcover Pro,Samsung,Android 10,6.3,1080x2340,4050,Li-Po,4,2020-01-01,218,64,380
Galaxy Note10 Lite,Samsung,Android 10,6.7,1080x2400,4500,Li-Po,8,2020-01-03,199,128,200
Galaxy S10 Lite,Samsung,Android 10,6.7,1080x2400,4500,Li-Po,8,2020-01-03,186,128,336.5
5i,Realme,Android 9.0,6.52,720x1600,5000,Li-Po,4,2020-01-06,195,32,170
X50 5G (China),Realme,Android 10,6.57,1080x2400,4200,Li-Po,6,2020-01-07,202,64,680
P30 lite New Edition,Huawei,Android 9.0,6.15,1080x2312,3340,Li-Po,6,2020-01-14,152,128,140
F15,Oppo,Android 9.0,6.4,1080x2400,4025,Li-Po,8,2020-01-16,172,128,200
nova 7i,Huawei,Android 10,6.4,1080x2310,4200,Li-Po,8,2020-01-30,183,128,160
Y6s (2019),Huawei,Android 9.0,6.09,720x1560,3020,Li-Po,3,2020-01-30,150,32,290
Poco X2,Xiaomi,Android 10,6.67,1080x2400,4500,Li-Po,8,2020-02-04,208,64,179.88
C3,Realme,Android 10,6.5,720x1600,5000,Li-Po,4,2020-02-05,195,32,90
Y7p,Huawei,Android 9.0,6.39,720x1560,4000,Li-Po,4,2020-02-07,176,64,240
Reno3 Youth,Oppo,Android 10,6.4,1080x2400,4025,Li-Po,8,2020-02-08,180,128,380
Galaxy S20 5G,Samsung,Android 10,6.2,1440x3200,4000,Li-Ion,8,2020-02-11,163,128,770
Galaxy S20+ 5G,Samsung,Android 10,6.7,1440x3200,4500,Li-Ion,8,2020-02-11,188,128,880
Galaxy S20 Ultra,Samsung,Android 10,6.9,1440x3200,5000,Li-Ion,16,2020-02-11,220,128,540
Redmi 8A Dual,Xiaomi,Android 9.0,6.22,720x1520,5000,Li-Po,3,2020-02-11,188,32,110
Galaxy S20 Ultra 5G,Samsung,Android 10,6.9,1440x3200,5000,Li-Ion,16,2020-02-11,222,128,540
Galaxy S20+,Samsung,Android 10,6.7,1440x3200,4500,Li-Ion,8,2020-02-11,186,128,280
Galaxy S20,Samsung,Android 10,6.2,1440x3200,4000,Li-Ion,8,2020-02-11,163,128,389.99
Galaxy Z Flip,Samsung,Android 10,6.7,1080x2636,3300,Li-Po,8,2020-02-11,183,256,550
A31,Oppo,Android 9.0,6.5,720x1600,4230,Li-Po,6,2020-02-13,180,64,150
Mi 10 5G,Xiaomi,Android 10,6.67,1080x2340,4780,Li-Po,6,2020-02-13,208,128,339
Mi 10 Pro 5G,Xiaomi,Android 10,6.67,1080x2340,4500,Li-Po,8,2020-02-13,208,256,930
K51S,LG,Android 9.0,6.55,720x1600,4000,Li-Po,3,2020-02-18,194,64,220
K61,LG,Android 9.0,6.53,1080x2340,4000,Li-Po,4,2020-02-18,191,64,200
K41S,LG,Android 9.0,6.55,720x1600,4000,Li-Po,3,2020-02-18,191,32,1100
C3 (3 cameras),Realme,Android 10,6.5,720x1600,5000,Li-Po,4,2020-02-19,195,32,150
W10 Alpha,LG,Android 9.0,5.71,720x1512,3450,Li-Po,3,2020-02-19,170,32,300
Xperia L4,Sony,Android 9.0,6.2,720x1680,3580,Li-Ion,3,2020-02-20,178,64,200
Xperia 1 II,Sony,Android 10,6.5,1644x3840,4000,Li-Po,8,2020-02-24,181,256,700
Xperia 10 II,Sony,Android 10,6,1080x2520,3600,Li-Po,4,2020-02-24,151,64,700
Mate Xs,Huawei,Android 10,8,2200x2480,4500,Li-Po,8,2020-02-24,300,512,360
X50 Pro 5G,Realme,Android 10,6.44,1080x2400,4200,Li-Po,6,2020-02-24,205,128,439.44
Xperia Pro,Sony,Android 10,6.5,1644x3840,4000,Li-Po,12,2020-02-24,225,512,2000
Galaxy M31,Samsung,Android 10,6.4,1080x2340,6000,Li-Po,8,2020-02-25,191,64,690
Q51,LG,Android 10,6.5,720x1520,4000,Li-Po,3,2020-02-25,187,32,130
V60 ThinQ 5G,LG,Android 10,6.8,1080x2460,5000,Li-Po,8,2020-02-26,213,128,240
V60 ThinQ 5G UW,LG,Android 10,6.8,1080x2460,5000,Li-Po,8,2020-02-26,218,128,700
P40 lite,Huawei,Android 10,6.4,1080x2310,4200,Li-Po,8,2020-02-27,183,128,1950
Enjoy 10e,Huawei,Android 10,6.3,720x1600,5000,Li-Po,4,2020-03-01,185,64,1000
Reno3 Pro,Oppo,Android 10,6.4,1080x2400,4025,Li-Po,8,2020-03-02,175,128,200
Black Shark 3,Xiaomi,Android 10,6.67,1080x2400,4720,Li-Po,8,2020-03-03,222,128,390
Black Shark 3 Pro,Xiaomi,Android 10,7.1,1440x3120,5000,Li-Po,8,2020-03-03,253,256,940
P40 lite E,Huawei,Android 9.0,6.39,720x1560,4000,Li-Po,4,2020-03-04,176,64,249.99
6 Pro,Realme,Android 10,6.6,1080x2400,4300,Li-Po,8,2020-03-05,202,64,179.99
6,Realme,Android 10,6.5,1080x2400,4300,Li-Po,8,2020-03-05,191,64,190
Find X2 Pro,Oppo,Android 10,6.7,1440x3168,4260,Li-Po,12,2020-03-06,217,256,400
Find X2,Oppo,Android 10,6.7,1440x3168,4200,Li-Po,8,2020-03-06,209,128,440
Redmi Note 9 Pro Max,Xiaomi,Android 10,6.67,1080x2400,5020,Li-Po,8,2020-03-12,209,64,180
Redmi Note 9 Pro (India),Xiaomi,Android 10,6.67,1080x2400,5020,Li-Po,6,2020-03-12,209,64,280
Galaxy A11,Samsung,Android 10,6.4,720x1560,4000,Li-Po,4,2020-03-13,177,32,650
Reno3,Oppo,Android 10,6.4,1080x2400,4025,Li-Po,8,2020-03-17,170,128,430
6i,Realme,Android 10,6.5,720x1600,5000,Li-Po,4,2020-03-17,199,64,400
Galaxy A41,Samsung,Android 10,6.1,1080x2400,3500,Li-Po,8,2020-03-18,152,64,160
Galaxy M21,Samsung,Android 10,6.4,1080x2340,6000,Li-Po,6,2020-03-18,188,64,310
Redmi Note 9S,Xiaomi,Android 10,6.67,1080x2400,5020,Li-Po,6,2020-03-23,209,64,204.95
Redmi K30 Pro,Xiaomi,Android 10,6.67,1080x2400,4700,Li-Po,6,2020-03-24,218,128,390
Galaxy A31,Samsung,Android 10,6.4,1080x2400,5000,Li-Po,8,2020-03-24,185,64,190
Redmi K30 Pro Zoom,Xiaomi,Android 10,6.67,1080x2400,4700,Li-Po,8,2020-03-24,218,128,500
P40 Pro,Huawei,Android 10,6.58,1200x2640,4200,Li-Po,8,2020-03-26,209,128,520
P40 Pro+,Huawei,Android 10,6.58,1200x2640,4200,Li-Po,8,2020-03-26,226,256,569.9
P40,Huawei,Android 10,6.1,1080x2340,3800,Li-Po,8,2020-03-26,175,128,150
M10 Plus,Lenovo,Android 9.0,10.3,1200x1920,5000,Li-Po,4,2020-03-27,460,32,180
Mi 10 Lite 5G,Xiaomi,Android 10,6.57,1080x2400,4160,Li-Po,8,2020-03-27,192,64,209.06
8A Prime,Honor,Android 9.0,6.09,720x1560,3020,Li-Po,3,2020-03-30,150,64,110
30S,Honor,Android 10,6.5,1080x2400,4000,Li-Po,8,2020-03-30,190,128,310
Play 9A,Honor,Android 10,6.3,720x1600,5000,Li-Po,4,2020-03-30,185,64,120
Galaxy M11,Samsung,Android 10,6.4,720x1560,5000,Li-Ion,4,2020-03-30,197,32,290
Redmi 8A Pro,Xiaomi,Android 9.0,6.22,720x1520,5000,Li-Po,3,2020-04-02,188,32,90
A12e,Oppo,Android 8.1,6.2,720x1520,4230,Li-Ion,3,2020-04-03,168,64,227.868
Galaxy A71 5G,Samsung,Android 10,6.7,1080x2400,4500,Li-Po,8,2020-04-08,185,128,108.88
Galaxy A21,Samsung,Android 10,6.5,720x1600,4000,Li-Po,3,2020-04-08,193,32,190
Galaxy A51 5G,Samsung,Android 10,6.5,1080x2400,4500,Li-Po,8,2020-04-08,187,128,204.99
Play 4T,Honor,Android 10,6.39,720x1560,4000,Li-Po,6,2020-04-09,176,128,160
Play 4T Pro,Honor,Android 10,6.3,1080x2400,4000,Li-Po,8,2020-04-09,165,128,200
8A 2020,Honor,Android 9.0,6.09,720x1560,3020,Li-Po,3,2020-04-10,150,64,150
Ace2,Oppo,Android 10,6.55,1080x2400,4000,Li-Po,8,2020-04-13,186,128,156.8
8 Pro,OnePlus,Android 10,6.78,1440x3168,4510,Li-Po,8,2020-04-14,199,128,369.6
8 5G UW (Verizon),OnePlus,Android 10,6.55,1080x2400,4300,Li-Po,8,2020-04-14,180,128,740
8 5G (T-Mobile),OnePlus,Android 10,6.55,1080x2400,4300,Li-Po,8,2020-04-14,180,128,650
8,OnePlus,Android 10,6.55,1080x2400,4300,Li-Po,6,2020-04-14,180,128,876
Find X2 Neo,Oppo,Android 10,6.5,1080x2400,4025,Li-Po,12,2020-04-15,171,256,240
iPhone SE (2020),Apple,iOS 13,4.7,750x1334,1821,Li-Ion,3,2020-04-15,148,64,189.5
30 Pro+,Honor,Android 10,6.57,1080x2340,4000,Li-Po,8,2020-04-15,190,256,650
30 Pro,Honor,Android 10,6.57,1080x2340,4000,Li-Po,8,2020-04-15,186,128,670
30,Honor,Android 10,6.53,1080x2400,4000,Li-Po,8,2020-04-15,185,128,1170
20e,Honor,Android 9.0,6.21,1080x2340,3400,Li-Po,6,2020-04-16,164,64,180
9X Lite,Honor,Android 9.0,6.5,1080x2340,3750,Li-Po,4,2020-04-17,188,128,220
A92s,Oppo,Android 10,6.57,1080x2400,4000,Li-Po,8,2020-04-20,184,128,230
A52,Oppo,Android 10,6.5,1080x2400,5000,Li-Po,8,2020-04-20,192,64,120
A12,Oppo,Android 9.0,6.22,720x1520,4230,Li-Po,4,2020-04-20,165,32,469
Find X2 Lite,Oppo,Android 10,6.4,1080x2400,4025,Li-Po,8,2020-04-20,180,128,540
A72,Oppo,Android 10,6.5,1080x2400,5000,Li-Po,8,2020-04-21,192,128,520
X50m 5G,Realme,Android 10,6.57,1080x2400,4200,Li-Po,8,2020-04-23,194,128,260
nova 7 5G,Huawei,Android 10,6.53,1080x2400,4000,Li-Po,8,2020-04-23,180,128,120
nova 7 Pro 5G,Huawei,Android 10,6.57,1080x2340,4000,Li-Po,8,2020-04-23,178,128,390
Galaxy J2 Core (2020),Samsung,Android 8.1 Oreo,5,540x960,2600,Li-Ion,1,2020-04-27,154,16,238.19
Mi 10 Youth 5G,Xiaomi,Android 10,6.57,1080x2400,4160,Li-Po,8,2020-04-27,192,64,270
9C,Honor,Android 10,6.39,720x1560,4000,Li-Po,4,2020-04-29,176,64,160
9A,Honor,Android 10,6.3,720x1600,5000,Li-Po,3,2020-04-29,185,64,150
P smart 2020,Huawei,Android 9.0,6.21,1080x2340,3400,Li-Ion,4,2020-04-29,160,128,480
9S,Honor,Android 10,5.45,720x1440,3020,Li-Po,2,2020-04-29,144,32,90
Mi Note 10 Lite,Xiaomi,Android 10,6.47,1080x2340,5260,Li-Po,8,2020-04-30,204,64,254.44
Redmi Note 9,Xiaomi,Android 10,6.53,1080x2340,5020,Li-Po,6,2020-04-30,199,64,156.38
Redmi Note 9 Pro,Xiaomi,Android 10,6.67,1080x2400,5020,Li-Po,8,2020-04-30,209,64,220
A92,Oppo,Android 10,6.5,1080x2400,5000,Li-Po,8,2020-05-04,192,128,535
Y5p,Huawei,Android 10,5.45,720x1440,3020,Li-Po,2,2020-05-05,144,32,200
Y6p,Huawei,Android 10,6.3,720x1600,5000,Li-Po,4,2020-05-05,185,32,110
Y8s,Huawei,Android 9.0,6.5,1080x2340,4000,Li-Po,4,2020-05-06,180,64,160
Velvet 5G,LG,Android 10,6.8,1080x2460,4300,Li-Po,8,2020-05-07,180,128,870
Narzo 10A,Realme,Android 10,6.5,720x1600,5000,Li-Po,4,2020-05-11,195,32,100
Narzo 10,Realme,Android 10,6.5,720x1600,5000,Li-Po,4,2020-05-11,199,128,150
Redmi K30 5G Racing,Xiaomi,Android 10,6.67,1080x2400,4500,Li-Po,6,2020-05-11,208,128,260
Poco F2 Pro,Xiaomi,Android 10,6.67,1080x2400,4700,Li-Po,8,2020-05-12,219,128,247.66
P30 Pro New Edition,Huawei,Android 10,6.47,1080x2340,4200,Li-Po,8,2020-05-12,192,128,140
Galaxy A Quantum,Samsung,Android 10,6.7,1080x2400,4500,Li-Po,8,2020-05-14,185,128,299.99
Galaxy A21s,Samsung,Android 10,6.5,720x1600,5000,Li-Po,6,2020-05-15,192,32,500
P40 lite 5G,Huawei,Android 10,6.5,1080x2400,4000,Li-Po,8,2020-05-15,189,128,820
Y8p,Huawei,Android 10,6.3,1080x2400,4000,Li-Po,6,2020-05-18,163,128,247.83
V6,Honor,Android 10,10.4,1200x2000,7250,Li-Po,8,2020-05-19,480,64,280
X10 5G,Honor,Android 10,6.63,1080x2400,4300,Li-Po,8,2020-05-20,203,64,250
Galaxy S20 5G UW,Samsung,Android 10,6.2,1440x3200,4000,Li-Ion,8,2020-05-20,168,128,440
Stylo 6,LG,Android 10,6.8,1080x2460,4000,Li-Po,3,2020-05-20,219,64,360
Q61,LG,Android 9.0,6.53,1080x2340,4000,Li-Po,4,2020-05-21,187,64,200
Enjoy Z 5G,Huawei,Android 10,6.5,1080x2400,4000,Li-Po,8,2020-05-24,182,64,260
Redmi K30i 5G,Xiaomi,Android 10,6.67,1080x2400,4500,Li-Po,8,2020-05-25,208,128,250
X50 Pro Player,Realme,Android 10,6.44,1080x2400,4200,Li-Po,6,2020-05-25,209,128,350
Redmi 10X 4G,Xiaomi,Android 10,6.53,1080x2340,5020,Li-Po,6,2020-05-26,199,128,130
Redmi 10X 5G,Xiaomi,Android 10,6.57,1080x2400,4520,Li-Po,8,2020-05-26,205,64,200
Redmi 10X Pro 5G,Xiaomi,Android 10,6.57,1080x2400,4520,Li-Po,8,2020-05-26,208,128,290
X3 SuperZoom,Realme,Android 10,6.6,1080x2400,4200,Li-Po,8,2020-05-26,202,128,300
6S,Realme,Android 11,6.5,1080x2400,4300,Li-Po,6,2020-05-26,191,64,200
8S 2020,Honor,Android 9.0,5.71,720x1520,3020,Li-Po,3,2020-05-27,146,64,110
Galaxy M01,Samsung,Android 10,5.7,720x1520,4000,Li-Ion,3,2020-06-02,168,32,130
Play4 Pro,Honor,Android 10,6.57,1080x2400,4200,Li-Po,8,2020-06-03,213,128,360
Play4,Honor,Android 10,6.81,1080x2400,4300,Li-Po,8,2020-06-03,213,128,250
Reno4 5G,Oppo,Android 10,6.43,1080x2400,4000,Li-Po,8,2020-06-05,183,128,100
Reno4 Pro 5G,Oppo,Android 10,6.55,1080x2400,4000,Li-Po,8,2020-06-05,172,128,240
P Smart S,Huawei,Android 10,6.3,1080x2400,4000,Li-Po,4,2020-06-09,163,128,240
Redmi 9,Xiaomi,Android 10,6.53,1080x2340,5020,Li-Po,6,2020-06-10,198,32,100.62
Enjoy 20 Pro,Huawei,Android 10,6.5,1080x2400,4000,Li-Po,8,2020-06-19,192,128,220
A11k,Oppo,Android 9.0,6.22,720x1520,4230,Li-Po,2,2020-06-22,165,32,440
Narzo,Realme,Android 10,6.5,1080x2400,4300,Li-Po,4,2020-06-23,191,128,190
C3i,Realme,Android 10,6.5,720x1600,5000,Li-Po,2,2020-06-24,195,32,100
X3,Realme,Android 10,6.6,1080x2400,4200,Li-Po,8,2020-06-25,202,128,290
Redmi 9C,Xiaomi,Android 10,6.53,720x1600,5000,Li-Po,4,2020-06-30,196,32,77.77
C11,Realme,Android 10,6.5,720x1560,5000,Li-Po,3,2020-06-30,196,32,126.99
Redmi 9A,Xiaomi,Android 10,6.53,720x1600,5000,Li-Po,6,2020-06-30,196,32,73.99
X10 Max 5G,Honor,Android 10,7.09,1080x2280,5000,Li-Po,8,2020-07-02,232,64,240
30 Youth,Honor,Android 10,6.5,1080x2400,4000,Li-Po,8,2020-07-02,192,64,220
Galaxy A71 5G UW,Samsung,Android 10,6.7,1080x2400,4500,Li-Po,8,2020-07-07,188,128,220
Poco M2 Pro,Xiaomi,Android 10,6.67,1080x2400,5000,Li-Po,6,2020-07-07,209,64,170
X50 5G,Realme,Android 10,6.57,1080x2400,4200,Li-Po,8,2020-07-08,194,128,500
A12s,Oppo,Android 9.0,6.2,720x1520,4230,Li-Po,3,2020-07-14,165,32,270
Galaxy M01s,Samsung,Android 9.0,6.2,720x1520,4000,Li-Ion,3,2020-07-16,168,32,60
Nord,OnePlus,Android 10,6.44,1080x2400,4115,Li-Po,6,2020-07-21,184,64,319
Galaxy A01 Core,Samsung,Android 10,5.3,720x1480,3000,Li-Ion,2,2020-07-21,150,16,110
Legion Pro,Lenovo,Android 10,6.65,1080x2340,5000,Li-Po,8,2020-07-22,239,128,100
Legion Duel,Lenovo,Android 10,6.65,1080x2340,5000,Li-Po,16,2020-07-22,239,256,510
Galaxy Z Flip 5G,Samsung,Android 10,6.7,1080x2636,3300,Li-Po,8,2020-07-22,183,256,300
6i (India),Realme,Android 10,6.5,1080x2400,4300,Li-Po,6,2020-07-24,191,64,150
A72 5G,Oppo,Android 10,6.5,1080x2400,4040,Li-Po,8,2020-07-27,175,128,290
Galaxy M01 Core,Samsung,Android 10,5.3,720x1480,3000,Li-Ion,2,2020-07-27,150,16,150
Velvet,LG,Android 10,6.8,1080x2460,4300,Li-Po,6,2020-07-28,180,128,470
C15,Realme,Android 10,6.5,720x1600,6000,Li-Po,4,2020-07-28,209,32,95.988
Reno4,Oppo,Android 10,6.4,1080x2400,4015,Li-Po,8,2020-07-29,165,128,355
Galaxy M31s,Samsung,Android 10,6.5,1080x2400,6000,Li-Po,8,2020-07-30,203,128,110
Black Shark 3S,Xiaomi,Android 10,6.67,1080x2400,4729,Li-Po,12,2020-07-31,222,128,600
Reno4 Pro,Oppo,Android 10,6.5,1080x2400,4000,Li-Po,8,2020-07-31,161,128,250
V5 5G,Realme,Android 10,6.5,1080x2400,5000,Li-Po,8,2020-08-03,194,128,180
Pixel 4a,Google,Android 10,5.81,1080x2340,3140,Li-Po,6,2020-08-03,143,128,330
Redmi 9 Prime,Xiaomi,Android 10,6.53,1080x2340,5020,Li-Po,4,2020-08-04,198,64,127.188
K7 5G,Oppo,Android 10,6.4,1080x2400,4025,Li-Po,8,2020-08-04,180,128,1349
Galaxy Note20 5G,Samsung,Android 10,6.7,1080x2400,4300,Li-Ion,8,2020-08-05,192,128,850
Galaxy Note20,Samsung,Android 10,6.7,1080x2400,4300,Li-Ion,8,2020-08-05,192,256,800
Galaxy Note20 Ultra,Samsung,Android 10,6.9,1440x3088,4500,Li-Ion,8,2020-08-05,208,256,261
Galaxy Note20 Ultra 5G,Samsung,Android 10,6.9,1440x3088,4500,Li-Ion,8,2020-08-05,208,128,1250
Galaxy Z Fold2 5G,Samsung,Android 10,7.6,1768x2208,4500,Li-Po,12,2020-08-05,282,256,850
Redmi K30 Ultra,Xiaomi,Android 10,6.67,1080x2400,4500,Li-Po,8,2020-08-11,213,128,250
Mi 10 Ultra,Xiaomi,Android 10,6.67,1080x2340,4500,Li-Ion,8,2020-08-11,221,128,650
C12,Realme,Android 10,6.5,720x1560,6000,Li-Po,4,2020-08-14,209,32,110
Galaxy A51 5G UW,Samsung,Android 10,6.5,1080x2400,4500,Li-Po,6,2020-08-14,188,128,960
Velvet 5G UW,LG,Android 10,6.8,1080x2460,4300,Li-Po,6,2020-08-19,187,128,270
A53,Oppo,Android 10,6.5,720x1600,5000,Li-Po,6,2020-08-20,186,64,1000
K31,LG,Android 10,5.7,720x1520,3000,Li-Ion,2,2020-08-21,146,32,590
Q92 5G,LG,Android 10,6.67,1080x2400,4000,Li-Po,6,2020-08-24,193,128,150
Redmi 9 (India),Xiaomi,Android 10,6.53,720x1600,5000,Li-Po,4,2020-08-27,194,64,110
Redmi 9C NFC,Xiaomi,Android 10,6.53,720x1600,5000,Li-Po,4,2020-08-27,196,32,100
Galaxy M51,Samsung,Android 10,6.7,1080x2400,7000,Li-Po,8,2020-08-31,213,128,470
X7 Pro,Realme,Android 10,6.55,1080x2400,4500,Li-Po,8,2020-09-01,184,128,470
X7,Realme,Android 10,6.4,1080x2400,4300,Li-Po,8,2020-09-01,175,128,330
V3,Realme,Android 10,6.5,720x1600,5000,Li-Po,8,2020-09-01,189,64,120
F17 Pro,Oppo,Android 10,6.43,1080x2400,4015,Li-Po,8,2020-09-02,164,128,330
F17,Oppo,Android 10,6.44,1080x2400,4015,Li-Po,8,2020-09-02,163,64,230
Galaxy A42 5G,Samsung,Android 10,6.6,720x1600,5000,Li-Po,8,2020-09-02,193,128,470
Enjoy 20 Plus 5G,Huawei,Android 10,6.63,1080x2400,4200,Li-Po,8,2020-09-03,197,128,210
7 (Asia),Realme,Android 10,6.5,1080x2400,5000,Li-Po,8,2020-09-03,196,64,170
7 Pro,Realme,Android 10,6.4,1080x2400,4500,Li-Po,8,2020-09-03,182,128,340
Enjoy 20 5G,Huawei,Android 10,6.6,720x1600,5000,Li-Po,6,2020-09-03,188,64,250
Poco X3 NFC,Xiaomi,Android 10,6.67,1080x2400,5160,Li-Po,8,2020-09-07,215,64,260
Y9a,Huawei,Android 10,6.63,1080x2400,4300,Li-Po,8,2020-09-07,197,128,280
Poco M2,Xiaomi,Android 10,6.53,1080x2340,5000,Li-Po,6,2020-09-08,198,64,125.988
Redmi 9AT,Xiaomi,Android 10,6.53,720x1600,5000,Li-Po,2,2020-09-09,194,32,75.73
A32,Oppo,Android 10,6.5,720x1600,5000,Li-Po,8,2020-09-10,186,64,120
30i,Honor,Android 10,6.3,1080x2400,4000,Li-Po,4,2020-09-11,171,128,200
K22,LG,Android 10,6.2,720x1520,3000,Li-Po,3,2020-09-12,169,32,360
Wing 5G,LG,Android 10,6.8,1080x2460,4000,Li-Po,8,2020-09-14,260,128,140
Redmi 9i,Xiaomi,Android 10,6.53,720x1600,5000,Li-Po,4,2020-09-15,194,64,113.988
Q31,LG,Android 10,5.7,720x1520,3000,Li-Ion,3,2020-09-17,145,32,130
7i,Realme,Android 10,6.5,720x1600,5000,Li-Po,8,2020-09-17,188,64,180
Xperia 5 II,Sony,Android 10,6.1,1080x2520,4000,Li-Ion,8,2020-09-17,163,128,650
K71,LG,Android 10,6.8,1080x2460,4000,Li-Po,4,2020-09-21,220,128,850
K42,LG,Android 10,6.6,720x1600,4000,Li-Po,3,2020-09-21,182,64,140
Reno4 SE,Oppo,Android 10,6.43,1080x2400,4300,Li-Po,8,2020-09-21,169,128,390
Narzo 20,Realme,Android 10,6.5,720x1600,6000,Li-Po,4,2020-09-21,208,64,130
C17,Realme,Android 10,6.5,720x1600,5000,Li-Po,6,2020-09-21,188,64,160
Narzo 20A,Realme,Android 10,6.5,720x1600,5000,Li-Po,4,2020-09-21,195,32,100
Narzo 20 Pro,Realme,Android 10,6.5,1080x2400,4500,Li-Po,8,2020-09-21,191,64,170
Poco X3,Xiaomi,Android 10,6.67,1080x2400,6000,Li-Po,8,2020-09-22,225,64,191.88
K62,LG,Android 10,6.6,720x1600,4000,Li-Po,4,2020-09-23,186,64,290
K52,LG,Android 10,6.6,720x1600,4000,Li-Po,4,2020-09-23,188,64,220
Galaxy S20 FE,Samsung,Android 10,6.5,1080x2400,4500,Li-Ion,8,2020-09-23,190,128,299.99
Galaxy S20 FE 5G,Samsung,Android 10,6.5,1080x2400,4500,Li-Ion,8,2020-09-23,190,128,390
Q52,LG,Android 10,6.6,720x1600,4000,Li-Po,4,2020-09-26,186,64,240
P smart 2021,Huawei,Android 10,6.67,1080x2400,5000,Li-Po,4,2020-09-28,206,64,200
Reno4 Lite,Oppo,Android 10,6.43,1080x2400,4015,Li-Po,8,2020-09-28,164,128,168.92
A33 (2020),Oppo,Android 10,6.5,720x1600,5000,Li-Po,4,2020-09-28,186,32,190
K92 5G,LG,Android 10,6.7,1080x2400,4000,Li-Po,6,2020-09-29,202,128,340
Reno4 Z 5G,Oppo,Android 10,6.57,1080x2400,4000,Li-Po,8,2020-09-29,184,128,150
Pixel 5,Google,Android 11,6,1080x2340,4080,Li-Po,8,2020-09-30,151,128,238
Mi 10T Pro 5G,Xiaomi,Android 10,6.67,1080x2400,5000,Li-Po,8,2020-09-30,218,128,369.31
Pixel 4a 5G,Google,Android 11,6.2,1080x2340,3885,Li-Po,6,2020-09-30,168,128,380
Mi 10T 5G,Xiaomi,Android 10,6.67,1080x2400,5000,Li-Po,8,2020-09-30,216,128,429.99
Mi 10T Lite 5G,Xiaomi,Android 10,6.67,1080x2400,4820,Li-Po,6,2020-09-30,214,64,322.99
A93,Oppo,Android 10,6.43,1080x2400,4000,Li-Po,8,2020-10-01,164,128,200
A73,Oppo,Android 10,6.44,1080x2400,4015,Li-Po,6,2020-10-05,163,128,270
Poco C3,Xiaomi,Android 10,6.43,720x1600,5000,Li-Po,4,2020-10-06,194,32,80
7 (Global),Realme,Android 10,6.5,1080x2400,5000,Li-Po,8,2020-10-07,196,64,250
Galaxy F41,Samsung,Android 10,6.4,1080x2340,6000,Li-Po,6,2020-10-08,191,64,330
Reno4 F,Oppo,Android 10,6.43,1080x2400,4000,Li-Po,8,2020-10-10,164,128,370
A53s,Oppo,Android 10,6.5,720x1600,5000,Li-Po,4,2020-10-12,186,64,320
iPhone 12 Pro,Apple,iOS 14.1,6.1,1170x2532,2815,Li-Ion,6,2020-10-13,189,128,567.86
iPhone 12,Apple,iOS 14.1,6.1,1170x2532,2815,Li-Ion,4,2020-10-13,164,64,607
iPhone 12 Pro Max,Apple,iOS 14.1,6.7,1284x2778,3687,Li-Ion,6,2020-10-13,228,128,1298.67
Q2i,Realme,Android 10,6.5,720x1600,5000,Li-Po,4,2020-10-13,189,128,130
Q2,Realme,Android 10,6.5,1080x2400,5000,Li-Po,6,2020-10-13,194,128,160
Q2 Pro,Realme,Android 10,6.4,1080x2400,4300,Li-Po,8,2020-10-13,175,128,310
iPhone 12 mini,Apple,iOS 14.1,5.4,1080x2340,2227,Li-Ion,4,2020-10-13,135,64,868.24
8T,OnePlus,Android 11,6.55,1080x2400,4500,Li-Po,8,2020-10-14,188,128,269
Galaxy M31 Prime,Samsung,Android 10,6.4,1080x2340,6000,Li-Po,6,2020-10-14,191,128,200
8T+ 5G,OnePlus,Android 11,6.55,1080x2400,4500,Li-Po,12,2020-10-14,187,256,640
A15,Oppo,Android 10,6.52,720x1600,4230,Li-Po,3,2020-10-15,175,32,130
A8 2020,Lenovo,Android 10,6.53,720x1560,5000,Li-Po,4,2020-10-15,205,64,90
nova 7 SE 5G Youth,Huawei,Android 10,6.5,1080x2400,4000,Li-Po,8,2020-10-16,189,128,160
Y7a,Huawei,Android 10,6.67,1080x2400,5000,Li-Po,4,2020-10-21,206,64,230
Mate 40 Pro+,Huawei,Android 10,6.76,1344x2772,4400,Li-Po,8,2020-10-22,230,256,790
Mate 40 Pro,Huawei,Android 10,6.76,1344x2772,4400,Li-Po,8,2020-10-22,212,128,630
Mate 40 RS Porsche Design,Huawei,Android 10,6.76,1344x2772,4400,Li-Po,8,2020-10-22,234,256,1400
Mate 30E Pro 5G,Huawei,Android 10,6.53,1176x2400,4500,Li-Po,8,2020-10-22,198,128,290
Mate 40,Huawei,Android 10,6.5,1080x2376,4200,Li-Po,8,2020-10-22,188,128,680
Nord N100,OnePlus,Android 10,6.52,720x1600,5000,Li-Po,4,2020-10-26,188,64,123.22
Nord N10 5G,OnePlus,Android 10,6.49,1080x2400,4300,Li-Po,6,2020-10-26,190,128,226.72
Redmi K30S,Xiaomi,Android 10,6.67,1080x2400,5000,Li-Po,8,2020-10-27,216,128,330
C15 Qualcomm Edition,Realme,Android 10,6.5,720x1600,6000,Li-Po,4,2020-10-28,209,32,110
10X Lite,Honor,Android 10,6.67,1080x2400,5000,Li-Po,4,2020-10-29,206,128,230
A73 5G,Oppo,Android 10,6.5,1080x2400,4040,Li-Po,8,2020-11-04,177,128,260
K7x,Oppo,Android 10,6.5,1080x2400,5000,Li-Po,8,2020-11-04,194,128,349
Galaxy M21s,Samsung,Android 10,6.4,1080x2340,6000,Li-Po,4,2020-11-06,191,64,190
W31,LG,Android 10,6.52,720x1600,4000,Li-Po,4,2020-11-06,173,64,130
W31+,LG,Android 10,6.52,720x1600,4000,Li-Po,4,2020-11-06,173,128,140
nova 8 SE,Huawei,Android 10,6.53,1080x2400,3800,Li-Po,8,2020-11-06,178,128,1400
7 5G,Realme,Android 10,6.5,1080x2400,5000,Li-Po,8,2020-11-19,195,128,276.92
Galaxy A02s,Samsung,Android 10,6.5,720x1600,5000,Li-Po,4,2020-11-24,196,16,230
Poco M3,Xiaomi,Android 10,6.53,1080x2340,6000,Li-Po,6,2020-11-24,198,64,199.99
Galaxy A12,Samsung,Android 10,6.5,720x1600,5000,Li-Po,6,2020-11-24,205,32,80
Redmi Note 9 5G,Xiaomi,Android 10,6.53,1080x2340,5000,Li-Po,8,2020-11-26,199,64,170
Redmi Note 9 Pro 5G,Xiaomi,Android 10,6.67,1080x2400,4820,Li-Po,8,2020-11-26,215,128,370
Redmi Note 9 4G,Xiaomi,Android 10,6.53,1080x2340,6000,Li-Po,8,2020-11-26,198,128,130
K12 Pro,Lenovo,Android 10,6.8,720x1640,6000,Li-Po,4,2020-12-09,221,64,130
K12 (China),Lenovo,Android 10,6.5,720x1600,5000,Li-Po,4,2020-12-09,200,64,100
Reno5 Pro 5G,Oppo,Android 11,6.55,1080x2400,4350,Li-Po,8,2020-12-10,173,128,529
Reno5 5G,Oppo,Android 11,6.43,1080x2400,4300,Li-Po,8,2020-12-10,172,128,280
Redmi 9 Power,Xiaomi,Android 10,6.53,1080x2340,6000,Li-Po,6,2020-12-17,198,64,120
A15s,Oppo,Android 10,6.52,720x1600,4230,Li-Po,4,2020-12-18,177,64,299
A53 5G,Oppo,Android 10,6.5,1080x2400,4040,Li-Po,8,2020-12-18,175,128,169
7i (Global),Realme,Android 10,6.5,720x1600,6000,Li-Po,4,2020-12-22,208,64,190
nova 8 Pro 5G,Huawei,Android 10,6.72,1236x2676,4000,Li-Po,8,2020-12-23,184,128,410
nova 8 5G,Huawei,Android 10,6.57,1080x2340,3800,Li-Po,8,2020-12-23,169,128,160
Enjoy 20 SE,Huawei,Android 10,6.67,1080x2400,5000,Li-Po,8,2020-12-23,206,128,330
Reno5 Pro+ 5G,Oppo,Android 11,6.55,1080x2400,4500,Li-Po,8,2020-12-24,184,128,250
Mi 11,Xiaomi,Android 11,6.81,1440x3200,4600,Li-Po,6,2020-12-28,196,128,792.43
Reno5 4G,Oppo,Android 11,6.4,1080x2400,4310,Li-Po,8,2020-12-31,171,128,240
Mi 10i 5G,Xiaomi,Android 10,6.67,1080x2400,4820,Li-Po,8,2021-01-05,214,128,250
Galaxy M02s,Samsung,Android 10,6.5,720x1600,5000,Li-Po,4,2021-01-07,196,32,220
V15 5G,Realme,Android 10,6.4,1080x2400,4310,Li-Po,8,2021-01-07,176,128,190
Redmi Note 9T,Xiaomi,Android 10,6.53,1080x2340,5000,Li-Po,6,2021-01-08,199,64,163.98
Redmi 9T,Xiaomi,Android 10,6.53,1080x2340,6000,Li-Po,6,2021-01-08,198,64,189.99
Galaxy A32 5G,Samsung,Android 11,6.5,720x1600,5000,Li-Ion,8,2021-01-13,205,64,100
Galaxy S21 Ultra 5G,Samsung,Android 11,6.8,1440x3200,5000,Li-Ion,16,2021-01-14,227,128,539.47
A93 5G,Oppo,Android 11,6.5,1080x2400,5000,Li-Po,8,2021-01-14,188,128,410
Galaxy S21 5G,Samsung,Android 11,6.2,1080x2400,4000,Li-Ion,8,2021-01-14,169,128,240.45
Galaxy S21+ 5G,Samsung,Android 11,6.7,1080x2400,4800,Li-Ion,8,2021-01-14,200,128,443.89
C20,Realme,Android 10,6.5,720x1600,5000,Li-Po,2,2021-01-19,190,32,90
V40 5G,Honor,Android 10,6.72,1236x2676,4000,Li-Po,8,2021-01-22,189,128,460
A55 5G,Oppo,Android 11,6.5,720x1600,5000,Li-Po,8,2021-01-25,186,128,500
Galaxy A02,Samsung,Android 10,6.5,720x1600,5000,Li-Po,4,2021-01-27,206,32,146.98
Galaxy M02,Samsung,Android 10,6.5,720x1600,5000,Li-Po,3,2021-02-02,206,32,169
X7 (India),Realme,Android 10,6.4,1080x2400,4310,Li-Po,8,2021-02-04,176,128,230
Galaxy M12 (India),Samsung,Android 11,6.5,720x1600,6000,Li-Po,6,2021-02-05,221,64,666.9
V11 5G,Realme,Android 11,6.5,720x1600,5000,Li-Po,6,2021-02-05,186,128,160
Galaxy F62,Samsung,Android 11,6.7,1080x2400,7000,Li-Po,8,2021-02-15,218,128,130
Mate X2,Huawei,Android 10,8,2200x2480,4500,Li-Po,8,2021-02-22,295,256,600
W41 Pro,LG,Android 10,6.55,900x1600,5000,Li-Po,6,2021-02-22,201,128,180
W41+,LG,Android 10,6.55,900x1600,5000,Li-Po,4,2021-02-22,201,128,170
W41,LG,Android 10,6.55,900x1600,5000,Li-Po,4,2021-02-22,201,64,160
Galaxy M62,Samsung,Android 11,6.7,1080x2400,7000,Li-Po,8,2021-02-24,218,128,270
Narzo 30A,Realme,Android 10,6.5,720x1600,6000,Li-Po,4,2021-02-24,205,32,435
Narzo 30 Pro 5G,Realme,Android 10,6.5,1080x2400,5000,Li-Po,8,2021-02-24,196,64,200
Redmi K40,Xiaomi,Android 11,6.67,1080x2400,4520,Li-Po,6,2021-02-25,196,128,280
Redmi K40 Pro,Xiaomi,Android 11,6.67,1080x2400,4520,Li-Po,6,2021-02-25,196,128,360
Redmi K40 Pro+,Xiaomi,Android 11,6.67,1080x2400,4520,Li-Po,12,2021-02-25,196,256,470
Reno5 K,Oppo,Android 11,6.43,1080x2400,4300,Li-Po,8,2021-02-25,172,128,310
Galaxy A32,Samsung,Android 11,6.4,1080x2400,5000,Li-Ion,8,2021-02-25,184,64,274.44
P40 4G,Huawei,Android 10,6.1,1080x2340,3800,Li-Po,8,2021-02-26,175,128,2300
Mi Mix Fold,Xiaomi,Android 10,8.01,1860x2480,5020,Li-Po,16,2021-03-01,317,256,1300
Redmi Note 10S,Xiaomi,Android 11,6.43,1080x2400,5000,Li-Po,8,2021-03-04,178,64,179
Redmi Note 10 Pro,Xiaomi,Android 11,6.67,1080x2400,5020,Li-Po,8,2021-03-04,193,64,199
Redmi Note 10 5G,Xiaomi,Android 11,6.5,1080x2400,5000,Li-Po,8,2021-03-04,190,64,176.4
Redmi Note 10,Xiaomi,Android 11,6.43,1080x2400,5000,Li-Po,6,2021-03-04,178,64,249.99
Redmi Note 10 Pro Max,Xiaomi,Android 11,6.67,1080x2400,5020,Li-Po,8,2021-03-04,192,64,220
Redmi Note 10 Pro (India),Xiaomi,Android 11,6.67,1080x2400,5020,Li-Po,8,2021-03-04,192,64,180
Galaxy Xcover 5,Samsung,Android 11,5.3,720x1480,3000,Li-Ion,4,2021-03-04,172,64,215.98
GT 5G,Realme,Android 11,6.43,1080x2400,4500,Li-Po,8,2021-03-04,186,128,349.99
A94,Oppo,Android 11,6.43,1080x2400,4310,Li-Po,8,2021-03-05,172,128,260
C21,Realme,Android 10,6.5,720x1600,5000,Li-Po,4,2021-03-05,190,32,141.04
F19 Pro+ 5G,Oppo,Android 11,6.43,1080x2400,4310,Li-Po,8,2021-03-08,173,128,370
F19 Pro,Oppo,Android 11,6.43,1080x2400,4310,Li-Po,8,2021-03-08,172,128,200
Mi 10S,Xiaomi,Android 11,6.67,1080x2340,4780,Li-Po,8,2021-03-10,208,128,430
Mate 40E,Huawei,Android 10,6.5,1080x2376,4200,Li-Po,8,2021-03-10,188,128,500
Find X3 Lite,Oppo,Android 11,6.43,1080x2400,4300,Li-Po,8,2021-03-11,172,128,250
Find X3 Neo,Oppo,Android 11,6.55,1080x2400,4500,Li-Po,12,2021-03-11,184,128,275
Find X3,Oppo,Android 11,6.7,1440x3216,4500,Li-Po,8,2021-03-11,193,128,300
Find X3 Pro,Oppo,Android 11,6.7,1440x3216,4500,Li-Po,8,2021-03-11,193,256,250
Galaxy A52 5G,Samsung,Android 11,6.5,1080x2400,4500,Li-Po,8,2021-03-17,189,128,364.88
Galaxy A72,Samsung,Android 11,6.7,1080x2400,5000,Li-Ion,8,2021-03-17,203,128,449.9
Galaxy A52,Samsung,Android 11,6.5,1080x2400,4500,Li-Po,8,2021-03-17,189,128,349
Reno5 F,Oppo,Android 11,6.43,1080x2400,4310,Li-Po,8,2021-03-17,172,128,130
Poco F3,Xiaomi,Android 11,6.67,1080x2400,4520,Li-Po,8,2021-03-22,196,128,380
Poco X3 Pro,Xiaomi,Android 11,6.67,1080x2400,5160,Li-Po,8,2021-03-22,215,128,274.09
V40 Lite,Honor,Android 10,6.57,1080x2340,3800,Li-Po,8,2021-03-23,169,128,390
9R,OnePlus,Android 10,6.55,1080x2400,4500,Li-Po,8,2021-03-23,189,128,308
9,OnePlus,Android 11,6.55,1080x2400,4500,Li-Po,8,2021-03-23,192,128,304.2
Reno5 Lite,Oppo,Android 11,6.43,1080x2400,4310,Li-Po,8,2021-03-23,172,128,260
9 Pro,OnePlus,Android 11,6.7,1440x3216,4500,Li-Po,8,2021-03-23,197,128,372.4
C25,Realme,Android 11,6.5,720x1600,6000,Li-Po,4,2021-03-23,209,64,140
Black Shark 4,Xiaomi,Android 11,6.67,1080x2400,4500,Li-Po,6,2021-03-23,210,128,930
Black Shark 4 Pro,Xiaomi,Android 11,6.67,1080x2400,4500,Li-Po,8,2021-03-23,220,128,500
vivo iQOO Neo5 Lite,Vivo,Android 11,6.57,1080x2408,4500,Li-Po,8,2021-03-24,198,128,320
8 Pro,Realme,Android 11,6.4,1080x2400,4500,Li-Po,8,2021-03-24,176,128,550
8,Realme,Android 11,6.4,1080x2400,5000,Li-Po,8,2021-03-24,177,64,178.9
A54,Oppo,Android 10,6.51,720x1600,5000,Li-Po,6,2021-03-26,192,64,311.88
Mi 11 Ultra,Xiaomi,Android 11,6.81,1440x3200,5000,Li-Po,8,2021-03-29,234,256,1500
Mi 11 Lite,Xiaomi,Android 11,6.55,1080x2400,4250,Li-Po,8,2021-03-29,157,64,478.13
Mi 11i,Xiaomi,Android 11,6.67,1080x2400,4520,Li-Po,8,2021-03-29,196,128,525
Mi 11 Lite 5G,Xiaomi,Android 11,6.55,1080x2400,4250,Li-Po,8,2021-03-29,159,64,271.8
Mi 11 Pro,Xiaomi,Android 11,6.81,1440x3200,5000,Li-Po,8,2021-03-29,208,128,561.25
GT Neo,Realme,Android 11,6.43,1080x2400,4500,Li-Po,6,2021-03-31,179,128,260
V13 5G,Realme,Android 11,6.5,1080x2400,5000,Li-Po,8,2021-03-31,185,128,210
F19,Oppo,Android 11,6.43,1080x2400,5000,Li-Po,6,2021-04-01,175,128,255
X7 Pro Ultra,Realme,Android 11,6.55,1080x2400,4500,Li-Po,8,2021-04-02,170,128,310
Reno5 Z,Oppo,Android 11,6.43,1080x2400,4310,Li-Po,8,2021-04-04,173,128,161.88
Galaxy F02s,Samsung,Android 10,6.5,720x1600,5000,Li-Po,4,2021-04-05,196,32,100
A74 5G,Oppo,Android 11,6.5,1080x2400,5000,Li-Po,8,2021-04-05,190,128,600
A74,Oppo,Android 11,6.43,1080x2400,5000,Li-Po,8,2021-04-05,175,128,405.99
Galaxy F12,Samsung,Android 11,6.5,720x1600,6000,Li-Po,4,2021-04-05,221,64,130
Legion 2 Pro,Lenovo,Android 11,6.92,1080x2460,5500,Li-Po,18,2021-04-08,259,128,880
Legion Duel 2,Lenovo,Android 11,6.92,1080x2460,5500,Li-Po,16,2021-04-08,259,256,800
Galaxy Quantum 2,Samsung,Android 11,6.7,1440x3200,4500,Li-Po,6,2021-04-13,176,128,520
A35,Oppo,Android 10,6.52,720x1600,4230,Li-Po,4,2021-04-14,177,64,220
Xperia 1 III,Sony,Android 11,6.5,1644x3840,4500,Li-Po,12,2021-04-14,186,256,495
Xperia 5 III,Sony,Android 11,6.1,1080x2520,4500,Li-Po,8,2021-04-14,168,128,589.99
A54 5G,Oppo,Android 11,6.5,1080x2400,5000,Li-Po,4,2021-04-14,190,64,517.28
Xperia 10 III,Sony,Android 11,6,1080x2520,4500,Li-Po,6,2021-04-14,169,128,746
A94 5G,Oppo,Android 11,6.43,1080x2400,4310,Li-Po,8,2021-04-16,173,128,300
Galaxy M12,Samsung,Android 11,6.5,720x1600,5000,Li-Po,4,2021-04-19,212,32,428.47
Play 5T Youth,Honor,Android 10,6.6,720x1600,5000,Li-Po,8,2021-04-20,191,128,170
8 5G,Realme,Android 11,6.5,1080x2400,5000,Li-Po,8,2021-04-21,185,64,405
Poco M2 Reloaded,Xiaomi,Android 10,6.53,1080x2340,5000,Li-Po,4,2021-04-21,198,64,100
Q3i 5G,Realme,Android 11,6.5,1080x2400,5000,Li-Po,6,2021-04-22,185,128,130
Q3 5G,Realme,Android 11,6.5,1080x2400,5000,Li-Po,8,2021-04-22,189,128,170
Q3 Pro 5G,Realme,Android 11,6.43,1080x2400,4500,Li-Po,8,2021-04-22,179,128,210
Mi 11X,Xiaomi,Android 11,6.67,1080x2400,4520,Li-Po,8,2021-04-23,196,128,359.988
Mi 11X Pro,Xiaomi,Android 11,6.67,1080x2400,4520,Li-Po,8,2021-04-23,196,128,479.988
vivo iQOO 7 (India),Vivo,Android 11,6.62,1080x2400,4400,Li-Po,8,2021-04-26,196,128,350
Play 20,Honor,Android 10,6.52,720x1600,5000,Li-Po,8,2021-04-26,198,64,110
nova 8 Pro 4G,Huawei,Android 10,6.72,1236x2676,4000,Li-Po,8,2021-04-26,184,128,600
A53s 5G,Oppo,Android 11,6.52,720x1600,5000,Li-Po,8,2021-04-27,189,128,151.9
vivo V21e,Vivo,Android 11,6.44,1080x2400,4000,Li-Po,8,2021-04-27,171,128,350
A95 5G,Oppo,Android 11,6.43,1080x2400,4310,Li-Po,8,2021-04-27,173,128,215
vivo V21,Vivo,Android 11,6.44,1080x2400,4000,Li-Po,8,2021-04-27,176,128,350
vivo V21 5G,Vivo,Android 11,6.44,1080x2400,4000,Li-Po,8,2021-04-27,176,128,350
Redmi K40 Gaming,Xiaomi,Android 11,6.67,1080x2400,5065,Li-Po,6,2021-04-27,205,128,260
Galaxy M42 5G,Samsung,Android 11,6.6,720x1600,5000,Li-Po,8,2021-04-28,190,128,220
vivo Y52s t1,Vivo,Android 11,6.58,1080x2408,5000,Li-Po,8,2021-05-03,185,128,350
K9,Oppo,Android 11,6.43,1080x2400,4300,Li-Po,8,2021-05-06,172,128,330
C20A,Realme,Android 10,6.5,720x1600,5000,Li-Po,2,2021-05-11,190,32,90
vivo Y12s 2021,Vivo,Android 11,6.51,720x1600,5000,Li-Po,3,2021-05-12,191,32,350
Play5 5G,Honor,Android 10,6.53,1080x2400,3800,Li-Po,8,2021-05-18,179,128,270
Narzo 30,Realme,Android 11,6.5,1080x2400,5000,Li-Po,6,2021-05-18,192,64,445
vivo Y52 5G,Vivo,Android 11,6.58,1080x2408,5000,Li-Po,4,2021-05-18,193,128,240
Poco M3 Pro 5G,Xiaomi,Android 11,6.5,1080x2400,5000,Li-Po,6,2021-05-19,190,64,188.41
Galaxy F52 5G,Samsung,Android 11,6.6,1080x2408,4500,Li-Po,8,2021-05-20,199,128,260
vivo X60s,Vivo,Android 11,6.56,1080x2376,4200,Li-Po,8,2021-05-24,176,128,269
GT Neo Flash,Realme,Android 11,6.43,1080x2400,4500,Li-Po,8,2021-05-25,179,256,290
Redmi Note 8 2021,Xiaomi,Android 11,6.3,1080x2340,4000,Li-Po,4,2021-05-25,190,64,179
Q3 Pro Carnival,Realme,Android 11,6.43,1080x2400,4500,Li-Po,8,2021-05-25,174,128,230
Redmi Note 10 Pro (China),Xiaomi,Android 11,6.6,1080x2400,5000,Li-Po,8,2021-05-26,193,128,200
Narzo 30 5G,Realme,Android 11,6.5,1080x2400,5000,Li-Po,6,2021-05-26,185,64,219.98
Reno6 Pro 5G,Oppo,Android 11,6.55,1080x2400,4500,Li-Po,8,2021-05-27,177,128,170
Reno6 5G,Oppo,Android 11,6.43,1080x2400,4300,Li-Po,8,2021-05-27,182,128,264.61
Reno6 Pro+ 5G,Oppo,Android 11,6.55,1080x2400,4500,Li-Po,8,2021-05-27,188,128,260
X7 Max 5G,Realme,Android 11,6.43,1080x2400,4500,Li-Po,8,2021-05-31,179,128,310
Galaxy A22,Samsung,Android 11,6.4,720x1600,5000,Li-Po,6,2021-06-03,186,64,310.14
Galaxy A22 5G,Samsung,Android 11,6.6,1080x2400,5000,Li-Po,8,2021-06-03,203,64,229
vivo Y70t,Vivo,Android 10,6.53,1080x2340,4500,Li-Po,8,2021-06-03,190,128,270
vivo iQOO U3x Standard,Vivo,Android 11,6.51,720x1600,5000,Li-Po,6,2021-06-07,191,128,212.4
C25s,Realme,Android 11,6.5,720x1600,6000,Li-Po,4,2021-06-08,209,64,239.95
vivo Y53s,Vivo,Android 11,6.58,1080x2408,5000,Li-Po,8,2021-06-09,189,128,120
vivo Y73,Vivo,Android 11,6.44,1080x2400,4000,Li-Po,8,2021-06-10,170,128,230
Nord CE 5G,OnePlus,Android 11,6.43,1080x2400,4500,Li-Po,6,2021-06-10,170,128,455
50,Honor,Android 11,6.57,1080x2340,4300,Li-Po,6,2021-06-16,175,128,455
50 SE,Honor,Android 11,6.78,1080x2388,4000,Li-Po,8,2021-06-16,191,128,310
50 Pro,Honor,Android 11,6.72,1236x2676,4000,Li-Po,8,2021-06-16,187,256,480
C21Y,Realme,Android 10/ Android 11,6.5,720x1600,5000,Li-Po,4,2021-06-21,200,32,130
Nord N200 5G,OnePlus,Android 11,6.49,1080x2400,5000,Li-Po,4,2021-06-21,189,64,149.99
Galaxy M32,Samsung,Android 11,6.4,1080x2400,6000,Li-Ion,8,2021-06-21,180,64,269.99
vivo Y12a,Vivo,Android 11,6.51,720x1600,5000,Li-Po,3,2021-06-21,191,32,221.88
K13 Note,Lenovo,Android 11,6.5,720x1600,5000,Li-Po,4,2021-06-22,200,128,120
vivo V21e 5G,Vivo,Android 11,6.44,1080x2400,4000,Li-Po,8,2021-06-24,165,128,240
vivo X60t Pro+,Vivo,Android 11,6.56,1080x2376,4200,Li-Po,8,2021-06-28,191,128,290
C11 (2021),Realme,Android 11,6.52,720x1600,5000,Li-Po,4,2021-06-28,190,32,89.988
X20 SE,Honor,Android 11,6.6,1080x2400,4000,Li-Po,8,2021-06-30,179,128,240
Galaxy F22,Samsung,Android 11,6.4,720x1600,6000,Li-Po,6,2021-07-06,203,64,170
nova 8i,Huawei,Android 10,6.67,1080x2376,4300,Li-Po,8,2021-07-07,190,128,246.68
vivo Y53s 4G,Vivo,Android 11,6.58,1080x2408,5000,Li-Po,8,2021-07-09,190,128,460
vivo S10 Pro,Vivo,Android 11,6.44,1080x2400,4050,Li-Po,8,2021-07-15,173,128,650
vivo S10,Vivo,Android 11,6.44,1080x2400,4050,Li-Po,8,2021-07-15,173,128,310.89
vivo Y72 5G (India),Vivo,Android 11,6.58,1080x2408,5000,Li-Po,8,2021-07-15,185,128,190
A16,Oppo,Android 11,6.52,720x1600,5000,Li-Po,4,2021-07-17,190,32,309.99
Redmi Note 10T 5G,Xiaomi,Android 11,6.5,1080x2400,5000,Li-Po,6,2021-07-20,190,64,170
Reno6 Z,Oppo,Android 11,6.4,1080x2400,4310,Li-Po,8,2021-07-20,173,128,520
Galaxy M21 2021,Samsung,Android 11,6.4,1080x2340,6000,Li-Po,6,2021-07-21,192,64,130
GT Explorer Master,Realme,Android 11,6.55,1080x2400,4500,Li-Po,8,2021-07-21,183,128,380
GT Master,Realme,Android 11,6.43,1080x2400,4300,Li-Po,8,2021-07-21,174,128,499
Nord 2 5G,OnePlus,Android 11,6.43,1080x2400,4500,Li-Po,6,2021-07-22,189,128,299
Poco F3 GT,Xiaomi,Android 11,6.67,1080x2400,5065,Li-Po,8,2021-07-23,205,128,239.988
A93s 5G,Oppo,Android 11,6.5,1080x2400,5000,Li-Po,8,2021-07-26,188,128,160
Reno6,Oppo,Android 11,6.4,1080x2400,4310,Li-Po,8,2021-07-27,173,128,175.95
Poco X3 GT,Xiaomi,Android 11,6.6,1080x2400,5000,Li-Po,8,2021-07-28,193,128,309.52
nova 8 SE Youth,Huawei,Android 10,6.6,1080x2400,4000,Li-Po,8,2021-07-28,179,128,250
Play 5T Pro,Honor,Android 11,6.6,1080x2400,4000,Li-Po,8,2021-08-05,179,128,200
nova 8,Huawei,Android 11,6.57,1080x2340,3800,Li-Po,8,2021-08-05,169,128,420
Galaxy A12 Nacho,Samsung,Android 11,6.5,720x1600,5000,Li-Po,4,2021-08-09,205,32,249
Mix 4,Xiaomi,Android 11,6.67,1080x2400,4500,Li-Po,8,2021-08-10,225,128,660
Galaxy Z Flip3 5G,Samsung,Android 11,6.7,1080x2640,3300,Li-Po,8,2021-08-11,183,128,613
Galaxy Z Fold3 5G,Samsung,Android 11,7.6,1768x2208,4400,Li-Po,12,2021-08-11,271,256,835
Magic3 Pro+,Honor,Android 11,6.76,1344x2772,4600,Li-Po,12,2021-08-12,236,512,1070
Magic3,Honor,Android 11,6.76,1344x2772,4600,Li-Po,8,2021-08-12,203,128,670
Galaxy A12 (India),Samsung,Android 11,6.5,720x1600,5000,Li-Po,6,2021-08-12,205,64,160
Magic3 Pro,Honor,Android 11,6.76,1344x2772,4600,Li-Po,8,2021-08-12,212,256,800
X20,Honor,Android 11,6.67,1080x2376,4300,Li-Po,8,2021-08-13,192,128,250
A16s,Oppo,Android 11,6.52,720x1600,5000,Li-Po,4,2021-08-14,190,64,329
Galaxy A52s 5G,Samsung,Android 11,6.5,1080x2400,4500,Li-Ion,8,2021-08-17,189,128,334
vivo iQOO 8,Vivo,Android 11,6.56,1080x2376,4350,Li-Po,8,2021-08-17,200,128,240
Pixel 5a 5G,Google,Android 11,6.34,1080x2400,4680,Li-Po,6,2021-08-17,183,128,357.61
vivo iQOO 8 Pro,Vivo,Android 11,6.78,1440x3200,4500,Li-Po,8,2021-08-17,205,256,370
Galaxy A03s,Samsung,Android 11,6.5,720x1600,5000,Li-Po,4,2021-08-18,196,32,149
Redmi 10,Xiaomi,Android 11,6.5,1080x2400,5000,Li-Po,6,2021-08-18,181,64,135.52
vivo Y21,Vivo,Android 11,6.51,720x1600,5000,Li-Po,4,2021-08-20,182,64,500
Xperia 10 III Lite,Sony,Android 11,6,1080x2520,4500,Li-Po,6,2021-08-20,169,64,370
vivo Y33s,Vivo,Android 11,6.58,1080x2408,5000,Li-Po,8,2021-08-24,182,64,120
Galaxy M32 5G,Samsung,Android 11,6.5,720x1600,5000,Li-Ion,8,2021-08-25,205,128,220
K13,Lenovo,Android 10,6.52,720x1600,5000,Li-Ion,2,2021-08-30,200,32,90
K13 Pro,Lenovo,Android 11,6.51,720x1600,5000,Li-Po,6,2021-09-01,200,64,150
Redmi 10 Prime,Xiaomi,Android 11,6.5,1080x2400,6000,Li-Po,6,2021-09-03,192,64,140
nova Y60,Huawei,Android 10,6.6,720x1600,5000,Li-Po,4,2021-09-07,185,64,150
8i,Realme,Android 11,6.6,1080x2412,5000,Li-Po,6,2021-09-09,194,64,149.99
vivo X70 Pro+,Vivo,Android 11,6.78,1440x3200,4500,Li-Po,8,2021-09-09,209,256,660
vivo X70 Pro,Vivo,Android 11,6.56,1080x2376,4450,Li-Po,8,2021-09-09,183,128,120
vivo X70,Vivo,Android 11,6.56,1080x2376,4400,Li-Po,8,2021-09-09,181,128,500
Reno6 Pro 5G (Snapdragon),Oppo,Android 11,6.55,1080x2400,4500,Li-Po,12,2021-09-09,188,256,145
8s 5G,Realme,Android 11,6.5,1080x2400,5000,Li-Po,8,2021-09-09,191,128,269.988
Galaxy M22,Samsung,Android 11,6.4,720x1600,5000,Li-Po,6,2021-09-14,186,64,243.38
iPhone 13 Pro Max,Apple,iOS 15,6.7,1284x2778,4352,Li-Ion,6,2021-09-14,240,128,897.62
iPhone 13 mini,Apple,iOS 15,5.4,1080x2340,2438,Li-Ion,4,2021-09-14,141,128,684
iPhone 13,Apple,iOS 15,6.1,1170x2532,3240,Li-Ion,4,2021-09-14,174,128,648
iPhone 13 Pro,Apple,iOS 15,6.1,1170x2532,3095,Li-Ion,6,2021-09-14,204,128,1580.09
11 Lite 5G NE,Xiaomi,Android 11,6.55,1080x2400,4250,Li-Po,8,2021-09-15,158,128,319.03
11T,Xiaomi,Android 11,6.67,1080x2400,5000,Li-Po,8,2021-09-15,203,128,329.9
11T Pro,Xiaomi,Android 11,6.67,1080x2400,5000,Li-Po,8,2021-09-15,204,128,389.9
C25Y,Realme,Android 11,6.5,720x1600,5000,Li-Po,6,2021-09-16,200,64,123.18
vivo Y21s,Vivo,Android 11,6.51,720x1600,5000,Li-Po,6,2021-09-21,182,128,167.88
GT Neo2,Realme,Android 11,6.62,1080x2400,5000,Li-Po,8,2021-09-22,199,128,278
vivo iQOO Z5,Vivo,Android 11,6.67,1080x2400,5000,Li-Po,8,2021-09-23,193,128,188.988
Narzo 50i,Realme,Android 11,6.5,720x1600,5000,Li-Po,4,2021-09-24,195,32,90
Narzo 50A,Realme,Android 11,6.5,720x1600,6000,Li-Po,4,2021-09-24,207,64,125.988
Galaxy M52 5G,Samsung,Android 11,6.7,1080x2400,5000,Li-Ion,8,2021-09-24,173,128,398.94
Redmi 9 Activ,Xiaomi,Android 10,6.53,720x1600,5000,Li-Po,6,2021-09-24,194,64,110
K9 Pro,Oppo,Android 11,6.43,1080x2400,4500,Li-Po,8,2021-09-26,180,128,350
Civi,Xiaomi,Android 11,6.55,1080x2400,4500,Li-Po,8,2021-09-27,166,128,350
F19s,Oppo,Android 11,6.43,1080x2400,5000,Li-Po,6,2021-09-27,175,128,560
Redmi 9A Sport,Xiaomi,Android 10,6.53,720x1600,5000,Li-Po,3,2021-09-28,194,32,89.988
Redmi 9i Sport,Xiaomi,Android 10,6.53,720x1600,5000,Li-Po,4,2021-09-28,194,64,94.788
Galaxy F42 5G,Samsung,Android 11,6.6,1080x2408,5000,Li-Po,8,2021-09-29,203,128,240
Poco C31,Xiaomi,Android 10,6.53,720x1600,5000,Li-Po,4,2021-09-30,194,32,80.16
A55,Oppo,Android 11,6.51,720x1600,5000,Li-Po,6,2021-10-01,193,64,399.28
Redmi Note 10 Lite,Xiaomi,Android 10,6.67,1080x2400,5020,Li-Po,6,2021-10-01,209,64,143.988
vivo Y33,Vivo,Android 11,6.58,1080x2408,5000,Li-Po,4,2021-10-04,191,128,560
vivo Y20t,Vivo,Android 11,6.51,720x1600,5000,Li-Po,6,2021-10-11,192,64,520
Black Shark 4S Pro,Xiaomi,Android 11,6.67,1080x2400,4500,Li-Po,8,2021-10-13,220,256,650
9RT 5G,OnePlus,Android 11,6.62,1080x2400,4500,Li-Po,8,2021-10-13,198,128,789
Black Shark 4S,Xiaomi,Android 11,6.67,1080x2400,4500,Li-Po,8,2021-10-13,210,128,360
vivo Y3s (2021),Vivo,Android 11,6.51,720x1600,5000,Li-Po,2,2021-10-18,190,32,720
vivo S10e,Vivo,Android 11,6.44,1080x2400,4000,Li-Po,8,2021-10-18,175,128,1040
Pixel 6,Google,Android 12,6.4,1080x2400,4614,Li-Ion,8,2021-10-19,207,128,339.96
GT Neo2T,Realme,Android 11,6.43,1080x2400,4500,Li-Po,8,2021-10-19,186,128,260
Q3s,Realme,Android 11,6.6,1080x2412,5000,Li-Po,8,2021-10-19,199,128,200
Pixel 6 Pro,Google,Android 12,6.7,1440x3120,5003,Li-Ion,12,2021-10-19,210,128,336
vivo T1,Vivo,Android 11,6.67,1080x2400,5000,Li-Po,8,2021-10-20,193,128,250
vivo iQOO Z5x,Vivo,Android 11,6.58,1080x2408,5000,Li-Po,8,2021-10-20,189,128,320
vivo T1x,Vivo,Android 11,6.58,1080x2408,5000,Li-Po,8,2021-10-20,189,128,180
K9s,Oppo,Android 11,6.59,1080x2412,5000,Li-Po,8,2021-10-20,199,128,360
vivo Y71t,Vivo,Android 11,6.44,1080x2400,4000,Li-Po,8,2021-10-21,166,128,110
50 Lite,Honor,Android 11,6.67,1080x2376,4300,Li-Po,8,2021-10-25,192,128,285
A56 5G,Oppo,Android 11,6.5,720x1600,5000,Li-Po,6,2021-10-25,189,128,230
Play5 Youth,Honor,Android 11,6.67,1080x2376,4300,Li-Po,8,2021-10-25,192,128,240
Xperia Pro-I,Sony,Android 11,6.5,1644x3840,4500,Li-Po,12,2021-10-26,211,512,998
A54s,Oppo,Android 11,6.52,720x1600,5000,Li-Po,8,2021-10-27,190,128,469
Redmi Note 11 Pro+ 5G,Xiaomi,Android 11,6.67,1080x2400,4500,Li-Po,8,2021-10-28,204,128,259.99
Redmi Note 11 (China),Xiaomi,Android 11,6.6,1080x2400,5000,Li-Po,8,2021-10-28,195,128,140
Redmi Note 11 Pro (China),Xiaomi,Android 11,6.67,1080x2400,5160,Li-Po,8,2021-10-28,207,128,220
X30i,Honor,Android 11,6.7,1080x2388,4000,Li-Po,8,2021-10-28,175,128,190
X30 Max,Honor,Android 11,7.09,1080x2280,5000,Li-Po,8,2021-10-28,228,128,320
A16K,Oppo,Android 11,6.52,720x1600,4230,Li-Po,8,2021-11-08,175,32,220
vivo V23e,Vivo,Android 11,6.44,1080x2400,4050,Li-Po,8,2021-11-09,172,128,240
vivo Y15s,Vivo,Android 11,6.51,720x1600,5000,Li-Po,4,2021-11-09,179,32,300
Poco M4 Pro 5G,Xiaomi,Android 11,6.6,1080x2400,5000,Li-Po,8,2021-11-09,195,64,200.43
vivo Y76s,Vivo,Android 11,6.58,1080x2408,4100,Li-Po,8,2021-11-10,175,128,230
Q3t,Realme,Android 11,6.6,1080x2412,5000,Li-Po,8,2021-11-10,187,256,290
Galaxy A03 Core,Samsung,Android 11,6.5,720x1600,5000,Li-Ion,2,2021-11-15,211,32,98.78
vivo Y15a,Vivo,Android 11,6.51,720x1600,5000,Li-Po,4,2021-11-15,179,64,240
vivo Y50t,Vivo,Android 10,6.53,1080x2340,4500,Li-Po,8,2021-11-16,190,128,120
A95,Oppo,Android 11,6.43,1080x2400,5000,Li-Po,8,2021-11-16,175,128,192.82
vivo Y74s,Vivo,Android 11,6.58,1080x2408,4100,Li-Po,8,2021-11-22,175,256,220
vivo V23e 5G,Vivo,Android 11,6.44,1080x2400,4050,Li-Po,8,2021-11-23,172,128,140
vivo Y76 5G,Vivo,Android 11,6.58,1080x2408,4100,Li-Po,8,2021-11-23,175,128,320
Redmi Note 11 4G,Xiaomi,Android 11,6.5,1080x2400,5000,Li-Po,6,2021-11-25,181,128,164.55
Reno7 SE 5G,Oppo,Android 11,6.43,1080x2400,4500,Li-Po,8,2021-11-25,171,128,499
Reno7 Pro 5G,Oppo,Android 11,6.55,1080x2400,4500,Li-Po,8,2021-11-25,180,256,310
Reno7 5G (China),Oppo,Android 11,6.43,1080x2400,4500,Li-Po,8,2021-11-25,185,128,230
Galaxy A03,Samsung,Android 11,6.5,720x1600,5000,Li-Po,4,2021-11-26,196,32,155
Redmi Note 11T 5G,Xiaomi,Android 11,6.6,1080x2400,5000,Li-Po,8,2021-11-30,195,64,191.988
60,Honor,Android 11,6.67,1080x2400,4800,Li-Ion,8,2021-12-01,179,128,500
60 Pro,Honor,Android 11,6.78,1200x2652,4800,Li-Po,8,2021-12-01,192,256,390
Galaxy A13 5G,Samsung,Android 11,6.5,720x1600,5000,Li-Po,6,2021-12-02,195,64,163
vivo Y55s (2021),Vivo,Android 11,6.58,1080x2408,6000,Li-Po,8,2021-12-04,199,128,190
Find N,Oppo,Android 11,7.1,1792x1920,4500,Li-Po,8,2021-12-15,275,256,380
Play 30 Plus,Honor,Android 11,6.74,720x1600,5000,Li-Po,8,2021-12-16,198,128,150
X30,Honor,Android 11,6.81,1080x2388,4800,Li-Po,6,2021-12-16,189,128,210
vivo Y32,Vivo,Android 11,6.51,720x1600,5000,Li-Po,8,2021-12-18,182,64,330
vivo iQOO Neo5 SE,Vivo,Android 11,6.67,1080x2400,4500,Li-Po,8,2021-12-20,189,128,209
vivo iQOO Neo5 S,Vivo,Android 11,6.62,1080x2400,4500,Li-Po,8,2021-12-20,196,128,350
vivo S12,Vivo,Android 11,6.44,1080x2400,4200,Li-Po,8,2021-12-22,179,128,210
vivo S12 Pro,Vivo,Android 11,6.56,1080x2400,4300,Li-Po,8,2021-12-22,171,128,140
K9x,Oppo,Android 11,6.49,1080x2400,5000,Li-Po,8,2021-12-23,194,128,299
vivo iQOO U5,Vivo,Android 12,6.58,1080x2408,5000,Li-Po,8,2021-12-24,185,128,300
A11s,Oppo,Android 10,6.5,720x1600,5000,Li-Po,8,2021-12-27,186,64,1070
12 Pro,Xiaomi,Android 12,6.73,1440x3200,4600,Li-Po,8,2021-12-28,204,128,620.96
12,Xiaomi,Android 12,6.28,1080x2400,4500,Li-Po,8,2021-12-28,179,128,399.99
12X,Xiaomi,Android 11,6.28,1080x2400,4500,Li-Po,8,2021-12-28,176,128,429.89
vivo Y21t,Vivo,Android 11,6.51,720x1600,5000,Li-Po,6,2022-01-03,182,128,380
vivo Y21t (India),Vivo,Android 11,6.58,1080x2408,5000,Li-Po,4,2022-01-03,182,128,180
GT2,Realme,Android 12,6.62,1080x2400,5000,Li-Po,8,2022-01-04,194,128,699
Galaxy S21 FE 5G,Samsung,Android 12,6.4,1080x2340,4500,Li-Ion,8,2022-01-04,177,128,475
GT2 Pro,Realme,Android 12,6.7,1440x3216,5000,Li-Po,8,2022-01-04,189,128,480
vivo V23 Pro,Vivo,Android 12,6.56,1080x2376,4300,Li-Po,8,2022-01-05,171,128,183.48
vivo iQOO 9 Pro,Vivo,Android 12,6.78,1440x3200,4700,Li-Po,8,2022-01-05,204,256,260
vivo V23 5G,Vivo,Android 12,6.44,1080x2400,4200,Li-Po,8,2022-01-05,179,128,150
vivo iQOO 9 (China),Vivo,Android 12,6.78,1080x2400,4700,Li-Po,8,2022-01-05,206,128,230
11i HyperCharge 5G,Xiaomi,Android 11,6.67,1080x2400,4500,Li-Po,8,2022-01-06,204,128,300
11i,Xiaomi,Android 11,6.67,1080x2400,5160,Li-Po,8,2022-01-06,207,128,262.788
9i,Realme,Android 11,6.6,1080x2412,5000,Li-Po,6,2022-01-10,190,64,144.99
Magic V,Honor,Android 12,7.9,1984x2272,4750,Li-Po,12,2022-01-10,288,256,1400
A36,Oppo,Android 11,6.56,720x1612,5000,Li-Po,8,2022-01-10,185,128,190
vivo Y33t,Vivo,Android 11,6.58,1080x2408,5000,Li-Po,8,2022-01-11,182,128,190
10 Pro,OnePlus,Android 12,6.7,1440x3216,5000,Li-Po,8,2022-01-11,201,128,439.94
A96 (China),Oppo,Android 11,6.43,1080x2400,4500,Li-Po,8,2022-01-12,171,128,140
vivo Y21e,Vivo,Android 11,6.51,720x1600,5000,Li-Po,3,2022-01-14,182,64,390
Reno6 Lite,Oppo,Android 11,6.43,1080x2400,5000,Li-Po,6,2022-01-17,175,128,220
vivo Y55 5G,Vivo,Android 11,6.58,1080x2408,5000,Li-Po,6,2022-01-17,187,128,424.15
vivo Y21a,Vivo,Android 11,6.51,720x1600,5000,Li-Po,4,2022-01-22,182,64,430
Redmi Note 11,Xiaomi,Android 11,6.43,1080x2400,5000,Li-Po,6,2022-01-26,179,64,146.99
Redmi Note 11S,Xiaomi,Android 11,6.43,1080x2400,5000,Li-Po,8,2022-01-26,179,64,184.9
Redmi Note 11 Pro,Xiaomi,Android 11,6.67,1080x2400,5000,Li-Po,8,2022-01-26,202,64,222.64
,,,,,,,,,,,
,,,,,,,,,,,
,,,,,,,,,,,
,,,,,,,,,,,
,,,,,,,,,,,
,,,,,,,,,,,
,,,,,,,,,,,
,,,,,,,,,,,
,,,,,,,,,,,
,,,,,,,,,,,
,,,,,,,,,,,
,,,,,,,,,,,
,,,,,,,,,,,
,,,,,,,,,,,
,,,,,,,,,,,
,,,,,,,,,,,
,,,,,,,,,,,
,,,,,,,,,,,
,,,,,,,,,,,
,,,,,,,,,,,
,,,,,,,,,,,
,,,,,,,,,,,
,,,,,,,,,,,
,,,,,,,,,,,
,,,,,,,,,,,
,,,,,,,,,,,
,,,,,,,,,,,
,,,,,,,,,,,
,,,,,,,,,,,
,,,,,,,,,,,
,,,,,,,,,,,
,,,,,,,,,,,
,,,,,,,,,,,
,,,,,,,,,,,
,,,,,,,,,,,
,,,,,,,,,,,
,,,,,,,,,,,
,,,,,,,,,,,
,,,,,,,,,,,
,,,,,,,,,,,
,,,,,,,,,,,
,,,,,,,,,,,
,,,,,,,,,,,
,,,,,,,,,,,
,,,,,,,,,,,
,,,,,,,,,,,
,,,,,,,,,,,
,,,,,,,,,,,
,,,,,,,,,,,
,,,,,,,,,,,
,,,,,,,,,,,
,,,,,,,,,,,
,,,,,,,,,,,
,,,,,,,,,,,
,,,,,,,,,,,
,,,,,,,,,,,
,,,,,,,,,,,
,,,,,,,,,,,
,,,,,,,,,,,
,,,,,,,,,,,
,,,,,,,,,,,
,,,,,,,,,,,
,,,,,,,,,,,
,,,,,,,,,,,
,,,,,,,,,,,
,,,,,,,,,,,
,,,,,,,,,,,
,,,,,,,,,,,
,,,,,,,,,,,
,,,,,,,,,,,
,,,,,,,,,,,
,,,,,,,,,,,
,,,,,,,,,,,
,,,,,,,,,,,
,,,,,,,,,,,
,,,,,,,,,,,
,,,,,,,,,,,
,,,,,,,,,,,
,,,,,,,,,,,
,,,,,,,,,,,
,,,,,,,,,,,
,,,,,,,,,,,
,,,,,,,,,,,
,,,,,,,,,,,
,,,,,,,,,,,
,,,,,,,,,,,
,,,,,,,,,,,
,,,,,,,,,,,
,,,,,,,,,,,
,,,,,,,,,,,
,,,,,,,,,,,
,,,,,,,,,,,
,,,,,,,,,,,
,,,,,,,,,,,
,,,,,,,,,,,
,,,,,,,,,,,
,,,,,,,,,,,
,,,,,,,,,,,
,,,,,,,,,,,
,,,,,,,,,,,
,,,,,,,,,,,
,,,,,,,,,,,
,,,,,,,,,,,
,,,,,,,,,,,
,,,,,,,,,,,
,,,,,,,,,,,
,,,,,,,,,,,
,,,,,,,,,,,
,,,,,,,,,,,
,,,,,,,,,,,
,,,,,,,,,,,
,,,,,,,,,,,
,,,,,,,,,,,
,,,,,,,,,,,
,,,,,,,,,,,
,,,,,,,,,,,
,,,,,,,,,,,
,,,,,,,,,,,
,,,,,,,,,,,
,,,,,,,,,,,
,,,,,,,,,,,
,,,,,,,,,,,
,,,,,,,,,,,
,,,,,,,,,,,
,,,,,,,,,,,
,,,,,,,,,,,
,,,,,,,,,,,
,,,,,,,,,,,
,,,,,,,,,,,
,,,,,,,,,,,
,,,,,,,,,,,
,,,,,,,,,,,
,,,,,,,,,,,
,,,,,,,,,,,
,,,,,,,,,,,
,,,,,,,,,,,
,,,,,,,,,,,
,,,,,,,,,,,
,,,,,,,,,,,
,,,,,,,,,,,
,,,,,,,,,,,
,,,,,,,,,,,
,,,,,,,,,,,
,,,,,,,,,,,
,,,,,,,,,,,
,,,,,,,,,,,
,,,,,,,,,,,
,,,,,,,,,,,
,,,,,,,,,,,
,,,,,,,,,,,
,,,,,,,,,,,
,,,,,,,,,,,
,,,,,,,,,,,
,,,,,,,,,,,
,,,,,,,,,,,
,,,,,,,,,,,
,,,,,,,,,,,
,,,,,,,,,,,
,,,,,,,,,,,
,,,,,,,,,,,
,,,,,,,,,,,
,,,,,,,,,,,
,,,,,,,,,,,
,,,,,,,,,,,
,,,,,,,,,,,
,,,,,,,,,,,
,,,,,,,,,,,
,,,,,,,,,,,
,,,,,,,,,,,
,,,,,,,,,,,
,,,,,,,,,,,
,,,,,,,,,,,
,,,,,,,,,,,
,,,,,,,,,,,
,,,,,,,,,,,
,,,,,,,,,,,
,,,,,,,,,,,
,,,,,,,,,,,
,,,,,,,,,,,
,,,,,,,,,,,
,,,,,,,,,,,
,,,,,,,,,,,
,,,,,,,,,,,
,,,,,,,,,,,
,,,,,,,,,,,
,,,,,,,,,,,
,,,,,,,,,,,
,,,,,,,,,,,
,,,,,,,,,,,
,,,,,,,,,,,
,,,,,,,,,,,
,,,,,,,,,,,
,,,,,,,,,,,
,,,,,,,,,,,
,,,,,,,,,,,
,,,,,,,,,,,
,,,,,,,,,,,
,,,,,,,,,,,
,,,,,,,,,,,
,,,,,,,,,,,
,,,,,,,,,,,
,,,,,,,,,,,
,,,,,,,,,,,
,,,,,,,,,,,
,,,,,,,,,,,
,,,,,,,,,,,
,,,,,,,,,,,
,,,,,,,,,,,
,,,,,,,,,,,
,,,,,,,,,,,
,,,,,,,,,,,
,,,,,,,,,,,
,,,,,,,,,,,
,,,,,,,,,,,
,,,,,,,,,,,
,,,,,,,,,,,
,,,,,,,,,,,
,,,,,,,,,,,
,,,,,,,,,,,
,,,,,,,,,,,
,,,,,,,,,,,
,,,,,,,,,,,
,,,,,,,,,,,
,,,,,,,,,,,
,,,,,,,,,,,
,,,,,,,,,,,
,,,,,,,,,,,
,,,,,,,,,,,
,,,,,,,,,,,
,,,,,,,,,,,
,,,,,,,,,,,
,,,,,,,,,,,
,,,,,,,,,,,
,,,,,,,,,,,
,,,,,,,,,,,
,,,,,,,,,,,
,,,,,,,,,,,
,,,,,,,,,,,
,,,,,,,,,,,
,,,,,,,,,,,
,,,,,,,,,,,
,,,,,,,,,,,
,,,,,,,,,,,
,,,,,,,,,,,
,,,,,,,,,,,
,,,,,,,,,,,
,,,,,,,,,,,
,,,,,,,,,,,
,,,,,,,,,,,
,,,,,,,,,,,
,,,,,,,,,,,
,,,,,,,,,,,
,,,,,,,,,,,
,,,,,,,,,,,
,,,,,,,,,,,
,,,,,,,,,,,
,,,,,,,,,,,
,,,,,,,,,,,
,,,,,,,,,,,
,,,,,,,,,,,
,,,,,,,,,,,
,,,,,,,,,,,
,,,,,,,,,,,
,,,,,,,,,,,
,,,,,,,,,,,
,,,,,,,,,,,
,,,,,,,,,,,
,,,,,,,,,,,
,,,,,,,,,,,
,,,,,,,,,,,
,,,,,,,,,,,
,,,,,,,,,,,
,,,,,,,,,,,
,,,,,,,,,,,
,,,,,,,,,,,
,,,,,,,,,,,
,,,,,,,,,,,
,,,,,,,,,,,
,,,,,,,,,,,
,,,,,,,,,,,
,,,,,,,,,,,
,,,,,,,,,,,
,,,,,,,,,,,
,,,,,,,,,,,
,,,,,,,,,,,
,,,,,,,,,,,
,,,,,,,,,,,
,,,,,,,,,,,
,,,,,,,,,,,
,,,,,,,,,,,
,,,,,,,,,,,
,,,,,,,,,,,
,,,,,,,,,,,
,,,,,,,,,,,
,,,,,,,,,,,
,,,,,,,,,,,
,,,,,,,,,,,
,,,,,,,,,,,
,,,,,,,,,,,
,,,,,,,,,,,
,,,,,,,,,,,
,,,,,,,,,,,
,,,,,,,,,,,
,,,,,,,,,,,
,,,,,,,,,,,
,,,,,,,,,,,
,,,,,,,,,,,
,,,,,,,,,,,
,,,,,,,,,,,
,,,,,,,,,,,
,,,,,,,,,,,
,,,,,,,,,,,
,,,,,,,,,,,
,,,,,,,,,,,
,,,,,,,,,,,
,,,,,,,,,,,
,,,,,,,,,,,
,,,,,,,,,,,
,,,,,,,,,,,
,,,,,,,,,,,
,,,,,,,,,,,
,,,,,,,,,,,
,,,,,,,,,,,
,,,,,,,,,,,
,,,,,,,,,,,
,,,,,,,,,,,
,,,,,,,,,,,
,,,,,,,,,,,
,,,,,,,,,,,
,,,,,,,,,,,
,,,,,,,,,,,
,,,,,,,,,,,
,,,,,,,,,,,
,,,,,,,,,,,
,,,,,,,,,,,
,,,,,,,,,,,
,,,,,,,,,,,
,,,,,,,,,,,
,,,,,,,,,,,
,,,,,,,,,,,
,,,,,,,,,,,
,,,,,,,,,,,
,,,,,,,,,,,
,,,,,,,,,,,
,,,,,,,,,,,
,,,,,,,,,,,
,,,,,,,,,,,
,,,,,,,,,,,
,,,,,,,,,,,
,,,,,,,,,,,
,,,,,,,,,,,
,,,,,,,,,,,
,,,,,,,,,,,
,,,,,,,,,,,
,,,,,,,,,,,
,,,,,,,,,,,
,,,,,,,,,,,
,,,,,,,,,,,
,,,,,,,,,,,
,,,,,,,,,,,
,,,,,,,,,,,
,,,,,,,,,,,
,,,,,,,,,,,
,,,,,,,,,,,
,,,,,,,,,,,
,,,,,,,,,,,
,,,,,,,,,,,
,,,,,,,,,,,
,,,,,,,,,,,
,,,,,,,,,,,
,,,,,,,,,,,
,,,,,,,,,,,
,,,,,,,,,,,
,,,,,,,,,,,
,,,,,,,,,,,
,,,,,,,,,,,
,,,,,,,,,,,
,,,,,,,,,,,
,,,,,,,,,,,
,,,,,,,,,,,
,,,,,,,,,,,
,,,,,,,,,,,
,,,,,,,,,,,
,,,,,,,,,,,
,,,,,,,,,,,
,,,,,,,,,,,
,,,,,,,,,,,
,,,,,,,,,,,
,,,,,,,,,,,
,,,,,,,,,,,
,,,,,,,,,,,
,,,,,,,,,,,
,,,,,,,,,,,
,,,,,,,,,,,
,,,,,,,,,,,
,,,,,,,,,,,
,,,,,,,,,,,
,,,,,,,,,,,
,,,,,,,,,,,
,,,,,,,,,,,
,,,,,,,,,,,
,,,,,,,,,,,
,,,,,,,,,,,
,,,,,,,,,,,
,,,,,,,,,,,
,,,,,,,,,,,
,,,,,,,,,,,
,,,,,,,,,,,
,,,,,,,,,,,
,,,,,,,,,,,
,,,,,,,,,,,
,,,,,,,,,,,
,,,,,,,,,,,
,,,,,,,,,,,
,,,,,,,,,,,
,,,,,,,,,,,
,,,,,,,,,,,
,,,,,,,,,,,
,,,,,,,,,,,
,,,,,,,,,,,
,,,,,,,,,,,
,,,,,,,,,,,
,,,,,,,,,,,
,,,,,,,,,,,
,,,,,,,,,,,
,,,,,,,,,,,
,,,,,,,,,,,
,,,,,,,,,,,
,,,,,,,,,,,
,,,,,,,,,,,
,,,,,,,,,,,
,,,,,,,,,,,
,,,,,,,,,,,
,,,,,,,,,,,
,,,,,,,,,,,
,,,,,,,,,,,
,,,,,,,,,,,
,,,,,,,,,,,
,,,,,,,,,,,
,,,,,,,,,,,
,,,,,,,,,,,
,,,,,,,,,,,
,,,,,,,,,,,
,,,,,,,,,,,
,,,,,,,,,,,
,,,,,,,,,,,
,,,,,,,,,,,
,,,,,,,,,,,
,,,,,,,,,,,
,,,,,,,,,,,
,,,,,,,,,,,
,,,,,,,,,,,
,,,,,,,,,,,
,,,,,,,,,,,